0 verbose cli /opt/homebrew/Cellar/node/23.7.0/bin/node /opt/homebrew/bin/npm
1 info using npm@10.9.2
2 info using node@v23.7.0
3 silly config load:file:/opt/homebrew/lib/node_modules/npm/npmrc
4 silly config load:file:/Users/soledadarismendi/Sites/Laboratoryum/web/.npmrc
5 silly config load:file:/Users/soledadarismendi/.npmrc
6 silly config load:file:/usr/local/etc/npmrc
7 verbose title npm install
8 verbose argv "install"
9 verbose logfile logs-max:10 dir:/Users/soledadarismendi/Sites/Laboratoryum/.npm-cache/_logs/2026-05-06T17_21_51_633Z-
10 verbose logfile /Users/soledadarismendi/Sites/Laboratoryum/.npm-cache/_logs/2026-05-06T17_21_51_633Z-debug-0.log
11 silly logfile done cleaning log files
12 silly packumentCache heap:4345298944 maxSize:1086324736 maxEntrySize:543162368
13 silly idealTree buildDeps
14 silly fetch manifest react@^19.2.5
15 silly packumentCache full:https://registry.npmjs.org/react cache-miss
16 http fetch GET 200 https://registry.npmjs.org/react 290ms (cache miss)
17 silly packumentCache full:https://registry.npmjs.org/react set size:undefined disposed:false
18 silly fetch manifest react-dom@^19.2.5
19 silly packumentCache full:https://registry.npmjs.org/react-dom cache-miss
20 http fetch GET 200 https://registry.npmjs.org/react-dom 215ms (cache miss)
21 silly packumentCache full:https://registry.npmjs.org/react-dom set size:undefined disposed:false
22 silly fetch manifest @eslint/js@^10.0.1
23 silly packumentCache full:https://registry.npmjs.org/@eslint%2fjs cache-miss
24 http fetch GET 200 https://registry.npmjs.org/@eslint%2fjs 64ms (cache miss)
25 silly packumentCache full:https://registry.npmjs.org/@eslint%2fjs set size:undefined disposed:false
26 silly fetch manifest eslint@^10.2.1
27 silly packumentCache full:https://registry.npmjs.org/eslint cache-miss
28 http fetch GET 200 https://registry.npmjs.org/eslint 67ms (cache miss)
29 silly packumentCache full:https://registry.npmjs.org/eslint set size:undefined disposed:false
30 silly fetch manifest jiti@*
31 silly packumentCache full:https://registry.npmjs.org/jiti cache-miss
32 http fetch GET 200 https://registry.npmjs.org/jiti 39ms (cache miss)
33 silly packumentCache full:https://registry.npmjs.org/jiti set size:undefined disposed:false
34 silly fetch manifest @types/node@^24.12.2
35 silly packumentCache full:https://registry.npmjs.org/@types%2fnode cache-miss
36 http fetch GET 200 https://registry.npmjs.org/@types%2fnode 234ms (cache miss)
37 silly packumentCache full:https://registry.npmjs.org/@types%2fnode set size:undefined disposed:false
38 silly fetch manifest @types/react@^19.2.14
39 silly packumentCache full:https://registry.npmjs.org/@types%2freact cache-miss
40 http fetch GET 200 https://registry.npmjs.org/@types%2freact 85ms (cache miss)
41 silly packumentCache full:https://registry.npmjs.org/@types%2freact set size:undefined disposed:false
42 silly fetch manifest @types/react-dom@^19.2.3
43 silly packumentCache full:https://registry.npmjs.org/@types%2freact-dom cache-miss
44 http fetch GET 200 https://registry.npmjs.org/@types%2freact-dom 50ms (cache miss)
45 silly packumentCache full:https://registry.npmjs.org/@types%2freact-dom set size:undefined disposed:false
46 silly fetch manifest @vitejs/plugin-react@^6.0.1
47 silly packumentCache full:https://registry.npmjs.org/@vitejs%2fplugin-react cache-miss
48 http fetch GET 200 https://registry.npmjs.org/@vitejs%2fplugin-react 67ms (cache miss)
49 silly packumentCache full:https://registry.npmjs.org/@vitejs%2fplugin-react set size:undefined disposed:false
50 silly fetch manifest @rolldown/plugin-babel@^0.1.7 || ^0.2.0
51 silly packumentCache full:https://registry.npmjs.org/@rolldown%2fplugin-babel cache-miss
52 http fetch GET 200 https://registry.npmjs.org/@rolldown%2fplugin-babel 51ms (cache miss)
53 silly packumentCache full:https://registry.npmjs.org/@rolldown%2fplugin-babel set size:undefined disposed:false
54 silly fetch manifest @babel/core@^7.29.0 || ^8.0.0-rc.1
55 silly packumentCache full:https://registry.npmjs.org/@babel%2fcore cache-miss
56 http fetch GET 200 https://registry.npmjs.org/@babel%2fcore 60ms (cache miss)
57 silly packumentCache full:https://registry.npmjs.org/@babel%2fcore set size:undefined disposed:false
58 silly fetch manifest @babel/plugin-transform-runtime@^7.29.0 || ^8.0.0-rc.1
59 silly packumentCache full:https://registry.npmjs.org/@babel%2fplugin-transform-runtime cache-miss
60 http fetch GET 200 https://registry.npmjs.org/@babel%2fplugin-transform-runtime 54ms (cache miss)
61 silly packumentCache full:https://registry.npmjs.org/@babel%2fplugin-transform-runtime set size:undefined disposed:false
62 silly fetch manifest @babel/runtime@^7.27.0 || ^8.0.0-rc.1
63 silly packumentCache full:https://registry.npmjs.org/@babel%2fruntime cache-miss
64 http fetch GET 200 https://registry.npmjs.org/@babel%2fruntime 145ms (cache miss)
65 silly packumentCache full:https://registry.npmjs.org/@babel%2fruntime set size:undefined disposed:false
66 silly fetch manifest rolldown@^1.0.0-rc.5
67 silly packumentCache full:https://registry.npmjs.org/rolldown cache-miss
68 http fetch GET 200 https://registry.npmjs.org/rolldown 90ms (cache miss)
69 silly packumentCache full:https://registry.npmjs.org/rolldown set size:undefined disposed:false
70 silly fetch manifest vite@^8.0.10
71 silly packumentCache full:https://registry.npmjs.org/vite cache-miss
72 http fetch GET 200 https://registry.npmjs.org/vite 1339ms (cache miss)
73 silly packumentCache full:https://registry.npmjs.org/vite set size:undefined disposed:false
74 silly fetch manifest @vitejs/devtools@^0.1.0
75 silly packumentCache full:https://registry.npmjs.org/@vitejs%2fdevtools cache-miss
76 http fetch GET 200 https://registry.npmjs.org/@vitejs%2fdevtools 62ms (cache miss)
77 silly packumentCache full:https://registry.npmjs.org/@vitejs%2fdevtools set size:undefined disposed:false
78 silly fetch manifest esbuild@^0.27.0 || ^0.28.0
79 silly packumentCache full:https://registry.npmjs.org/esbuild cache-miss
80 http fetch GET 200 https://registry.npmjs.org/esbuild 77ms (cache miss)
81 silly packumentCache full:https://registry.npmjs.org/esbuild set size:undefined disposed:false
82 silly fetch manifest jiti@>=1.21.0
83 silly packumentCache full:https://registry.npmjs.org/jiti cache-miss
84 http cache https://registry.npmjs.org/jiti 5ms (cache hit)
85 silly packumentCache full:https://registry.npmjs.org/jiti set size:387989 disposed:false
86 silly fetch manifest less@^4.0.0
87 silly packumentCache full:https://registry.npmjs.org/less cache-miss
88 http fetch GET 200 https://registry.npmjs.org/less 40ms (cache miss)
89 silly packumentCache full:https://registry.npmjs.org/less set size:undefined disposed:false
90 silly fetch manifest sass@^1.70.0
91 silly packumentCache full:https://registry.npmjs.org/sass cache-miss
92 http fetch GET 200 https://registry.npmjs.org/sass 52ms (cache miss)
93 silly packumentCache full:https://registry.npmjs.org/sass set size:undefined disposed:false
94 silly fetch manifest sass-embedded@^1.70.0
95 silly packumentCache full:https://registry.npmjs.org/sass-embedded cache-miss
96 http fetch GET 200 https://registry.npmjs.org/sass-embedded 55ms (cache miss)
97 silly packumentCache full:https://registry.npmjs.org/sass-embedded set size:undefined disposed:false
98 silly fetch manifest stylus@>=0.54.8
99 silly packumentCache full:https://registry.npmjs.org/stylus cache-miss
100 http fetch GET 200 https://registry.npmjs.org/stylus 36ms (cache miss)
101 silly packumentCache full:https://registry.npmjs.org/stylus set size:undefined disposed:false
102 silly fetch manifest sugarss@^5.0.0
103 silly packumentCache full:https://registry.npmjs.org/sugarss cache-miss
104 http fetch GET 200 https://registry.npmjs.org/sugarss 35ms (cache miss)
105 silly packumentCache full:https://registry.npmjs.org/sugarss set size:undefined disposed:false
106 silly fetch manifest postcss@^8.3.3
107 silly packumentCache full:https://registry.npmjs.org/postcss cache-miss
108 http fetch GET 200 https://registry.npmjs.org/postcss 49ms (cache miss)
109 silly packumentCache full:https://registry.npmjs.org/postcss set size:undefined disposed:false
110 silly fetch manifest terser@^5.16.0
111 silly packumentCache full:https://registry.npmjs.org/terser cache-miss
112 http fetch GET 200 https://registry.npmjs.org/terser 57ms (cache miss)
113 silly packumentCache full:https://registry.npmjs.org/terser set size:undefined disposed:false
114 silly fetch manifest tsx@^4.8.1
115 silly packumentCache full:https://registry.npmjs.org/tsx cache-miss
116 http fetch GET 200 https://registry.npmjs.org/tsx 45ms (cache miss)
117 silly packumentCache full:https://registry.npmjs.org/tsx set size:undefined disposed:false
118 silly fetch manifest yaml@^2.4.2
119 silly packumentCache full:https://registry.npmjs.org/yaml cache-miss
120 http fetch GET 200 https://registry.npmjs.org/yaml 46ms (cache miss)
121 silly packumentCache full:https://registry.npmjs.org/yaml set size:undefined disposed:false
122 silly fetch manifest babel-plugin-react-compiler@^1.0.0
123 silly packumentCache full:https://registry.npmjs.org/babel-plugin-react-compiler cache-miss
124 http fetch GET 200 https://registry.npmjs.org/babel-plugin-react-compiler 63ms (cache miss)
125 silly packumentCache full:https://registry.npmjs.org/babel-plugin-react-compiler set size:undefined disposed:false
126 silly fetch manifest eslint-plugin-react-hooks@^7.1.1
127 silly packumentCache full:https://registry.npmjs.org/eslint-plugin-react-hooks cache-miss
128 http fetch GET 200 https://registry.npmjs.org/eslint-plugin-react-hooks 166ms (cache miss)
129 silly packumentCache full:https://registry.npmjs.org/eslint-plugin-react-hooks set size:undefined disposed:false
130 silly fetch manifest eslint-plugin-react-refresh@^0.5.2
131 silly packumentCache full:https://registry.npmjs.org/eslint-plugin-react-refresh cache-miss
132 http fetch GET 200 https://registry.npmjs.org/eslint-plugin-react-refresh 41ms (cache miss)
133 silly packumentCache full:https://registry.npmjs.org/eslint-plugin-react-refresh set size:undefined disposed:false
134 silly fetch manifest globals@^17.5.0
135 silly packumentCache full:https://registry.npmjs.org/globals cache-miss
136 http fetch GET 200 https://registry.npmjs.org/globals 36ms (cache miss)
137 silly packumentCache full:https://registry.npmjs.org/globals set size:undefined disposed:false
138 silly fetch manifest typescript@~6.0.2
139 silly packumentCache full:https://registry.npmjs.org/typescript cache-miss
140 http fetch GET 200 https://registry.npmjs.org/typescript 244ms (cache miss)
141 silly packumentCache full:https://registry.npmjs.org/typescript set size:undefined disposed:false
142 silly fetch manifest typescript-eslint@^8.58.2
143 silly packumentCache full:https://registry.npmjs.org/typescript-eslint cache-miss
144 http fetch GET 200 https://registry.npmjs.org/typescript-eslint 111ms (cache miss)
145 silly packumentCache full:https://registry.npmjs.org/typescript-eslint set size:undefined disposed:false
146 silly placeDep ROOT @eslint/js@10.0.1 OK for: web@0.0.0 want: ^10.0.1
147 silly placeDep ROOT @types/node@24.12.2 OK for: web@0.0.0 want: ^24.12.2
148 silly placeDep ROOT @types/react@19.2.14 OK for: web@0.0.0 want: ^19.2.14
149 silly placeDep ROOT @types/react-dom@19.2.3 OK for: web@0.0.0 want: ^19.2.3
150 silly placeDep ROOT @vitejs/plugin-react@6.0.1 OK for: web@0.0.0 want: ^6.0.1
151 silly placeDep ROOT vite@8.0.10 OK for: @vitejs/plugin-react@6.0.1 want: ^8.0.0
152 silly placeDep ROOT eslint@10.3.0 OK for: web@0.0.0 want: ^10.2.1
153 silly placeDep ROOT eslint-plugin-react-hooks@7.1.1 OK for: web@0.0.0 want: ^7.1.1
154 silly placeDep ROOT eslint-plugin-react-refresh@0.5.2 OK for: web@0.0.0 want: ^0.5.2
155 silly placeDep ROOT globals@17.6.0 OK for: web@0.0.0 want: ^17.5.0
156 silly placeDep ROOT react@19.2.6 OK for: web@0.0.0 want: ^19.2.5
157 silly placeDep ROOT react-dom@19.2.6 OK for: web@0.0.0 want: ^19.2.5
158 silly placeDep ROOT typescript@6.0.3 OK for: web@0.0.0 want: ~6.0.2
159 silly placeDep ROOT typescript-eslint@8.59.2 OK for: web@0.0.0 want: ^8.58.2
160 silly fetch manifest undici-types@~7.16.0
161 silly packumentCache full:https://registry.npmjs.org/undici-types cache-miss
162 silly fetch manifest csstype@^3.2.2
163 silly packumentCache full:https://registry.npmjs.org/csstype cache-miss
164 silly fetch manifest @rolldown/pluginutils@1.0.0-rc.7
165 silly packumentCache full:https://registry.npmjs.org/@rolldown%2fpluginutils cache-miss
166 silly fetch manifest lightningcss@^1.32.0
167 silly packumentCache full:https://registry.npmjs.org/lightningcss cache-miss
168 silly fetch manifest picomatch@^4.0.4
169 silly packumentCache full:https://registry.npmjs.org/picomatch cache-miss
170 silly fetch manifest postcss@^8.5.10
171 silly packumentCache full:https://registry.npmjs.org/postcss cache-miss
172 silly fetch manifest rolldown@1.0.0-rc.17
173 silly packumentCache full:https://registry.npmjs.org/rolldown cache-miss
174 http cache https://registry.npmjs.org/postcss 10ms (cache hit)
175 silly packumentCache full:https://registry.npmjs.org/postcss set size:720302 disposed:false
176 silly fetch manifest tinyglobby@^0.2.16
177 silly packumentCache full:https://registry.npmjs.org/tinyglobby cache-miss
178 http cache https://registry.npmjs.org/rolldown 17ms (cache hit)
179 silly packumentCache full:https://registry.npmjs.org/rolldown set size:3695119 disposed:false
180 silly fetch manifest fsevents@~2.3.3
181 silly packumentCache full:https://registry.npmjs.org/fsevents cache-miss
182 http fetch GET 200 https://registry.npmjs.org/undici-types 44ms (cache miss)
183 silly packumentCache full:https://registry.npmjs.org/undici-types set size:undefined disposed:false
184 silly fetch manifest @eslint-community/eslint-utils@^4.8.0
185 silly packumentCache full:https://registry.npmjs.org/@eslint-community%2feslint-utils cache-miss
186 http fetch GET 200 https://registry.npmjs.org/@eslint-community%2feslint-utils 48ms (cache miss)
187 silly packumentCache full:https://registry.npmjs.org/@eslint-community%2feslint-utils set size:undefined disposed:false
188 silly fetch manifest @eslint-community/regexpp@^4.12.2
189 silly packumentCache full:https://registry.npmjs.org/@eslint-community%2fregexpp cache-miss
190 http fetch GET 200 https://registry.npmjs.org/lightningcss 112ms (cache miss)
191 silly packumentCache full:https://registry.npmjs.org/lightningcss set size:undefined disposed:false
192 silly fetch manifest @eslint/config-array@^0.23.5
193 silly packumentCache full:https://registry.npmjs.org/@eslint%2fconfig-array cache-miss
194 http fetch GET 200 https://registry.npmjs.org/tinyglobby 101ms (cache miss)
195 silly packumentCache full:https://registry.npmjs.org/tinyglobby set size:undefined disposed:false
196 silly fetch manifest @eslint/config-helpers@^0.5.5
197 silly packumentCache full:https://registry.npmjs.org/@eslint%2fconfig-helpers cache-miss
198 http fetch GET 200 https://registry.npmjs.org/picomatch 118ms (cache miss)
199 silly packumentCache full:https://registry.npmjs.org/picomatch set size:undefined disposed:false
200 silly fetch manifest @eslint/core@^1.2.1
201 silly packumentCache full:https://registry.npmjs.org/@eslint%2fcore cache-miss
202 http fetch GET 200 https://registry.npmjs.org/fsevents 92ms (cache miss)
203 silly packumentCache full:https://registry.npmjs.org/fsevents set size:undefined disposed:false
204 silly fetch manifest @eslint/plugin-kit@^0.7.1
205 silly packumentCache full:https://registry.npmjs.org/@eslint%2fplugin-kit cache-miss
206 http fetch GET 200 https://registry.npmjs.org/@rolldown%2fpluginutils 133ms (cache miss)
207 silly packumentCache full:https://registry.npmjs.org/@rolldown%2fpluginutils set size:undefined disposed:false
208 silly fetch manifest @humanfs/node@^0.16.6
209 silly packumentCache full:https://registry.npmjs.org/@humanfs%2fnode cache-miss
210 http fetch GET 200 https://registry.npmjs.org/csstype 135ms (cache miss)
211 silly packumentCache full:https://registry.npmjs.org/csstype set size:undefined disposed:false
212 silly fetch manifest @humanwhocodes/module-importer@^1.0.1
213 silly packumentCache full:https://registry.npmjs.org/@humanwhocodes%2fmodule-importer cache-miss
214 http fetch GET 200 https://registry.npmjs.org/@eslint-community%2fregexpp 47ms (cache miss)
215 silly packumentCache full:https://registry.npmjs.org/@eslint-community%2fregexpp set size:undefined disposed:false
216 silly fetch manifest @humanwhocodes/retry@^0.4.2
217 silly packumentCache full:https://registry.npmjs.org/@humanwhocodes%2fretry cache-miss
218 http fetch GET 200 https://registry.npmjs.org/@eslint%2fcore 41ms (cache miss)
219 silly packumentCache full:https://registry.npmjs.org/@eslint%2fcore set size:undefined disposed:false
220 silly fetch manifest @types/estree@^1.0.6
221 silly packumentCache full:https://registry.npmjs.org/@types%2festree cache-miss
222 http fetch GET 200 https://registry.npmjs.org/@eslint%2fconfig-helpers 147ms (cache miss)
223 silly packumentCache full:https://registry.npmjs.org/@eslint%2fconfig-helpers set size:undefined disposed:false
224 silly fetch manifest ajv@^6.14.0
225 silly packumentCache full:https://registry.npmjs.org/ajv cache-miss
226 http fetch GET 200 https://registry.npmjs.org/@humanwhocodes%2fmodule-importer 133ms (cache miss)
227 silly packumentCache full:https://registry.npmjs.org/@humanwhocodes%2fmodule-importer set size:undefined disposed:false
228 silly fetch manifest cross-spawn@^7.0.6
229 silly packumentCache full:https://registry.npmjs.org/cross-spawn cache-miss
230 http fetch GET 200 https://registry.npmjs.org/@humanfs%2fnode 140ms (cache miss)
231 silly packumentCache full:https://registry.npmjs.org/@humanfs%2fnode set size:undefined disposed:false
232 silly fetch manifest debug@^4.3.2
233 silly packumentCache full:https://registry.npmjs.org/debug cache-miss
234 http fetch GET 200 https://registry.npmjs.org/@humanwhocodes%2fretry 139ms (cache miss)
235 silly packumentCache full:https://registry.npmjs.org/@humanwhocodes%2fretry set size:undefined disposed:false
236 silly fetch manifest escape-string-regexp@^4.0.0
237 silly packumentCache full:https://registry.npmjs.org/escape-string-regexp cache-miss
238 http fetch GET 200 https://registry.npmjs.org/@types%2festree 132ms (cache miss)
239 silly packumentCache full:https://registry.npmjs.org/@types%2festree set size:undefined disposed:false
240 silly fetch manifest eslint-scope@^9.1.2
241 silly packumentCache full:https://registry.npmjs.org/eslint-scope cache-miss
242 http fetch GET 200 https://registry.npmjs.org/@eslint%2fplugin-kit 291ms (cache miss)
243 silly packumentCache full:https://registry.npmjs.org/@eslint%2fplugin-kit set size:undefined disposed:false
244 silly fetch manifest eslint-visitor-keys@^5.0.1
245 silly packumentCache full:https://registry.npmjs.org/eslint-visitor-keys cache-miss
246 http fetch GET 200 https://registry.npmjs.org/@eslint%2fconfig-array 307ms (cache miss)
247 silly packumentCache full:https://registry.npmjs.org/@eslint%2fconfig-array set size:undefined disposed:false
248 silly fetch manifest espree@^11.2.0
249 silly packumentCache full:https://registry.npmjs.org/espree cache-miss
250 http fetch GET 200 https://registry.npmjs.org/escape-string-regexp 142ms (cache miss)
251 silly packumentCache full:https://registry.npmjs.org/escape-string-regexp set size:undefined disposed:false
252 silly fetch manifest esquery@^1.7.0
253 silly packumentCache full:https://registry.npmjs.org/esquery cache-miss
254 http fetch GET 200 https://registry.npmjs.org/cross-spawn 162ms (cache miss)
255 silly packumentCache full:https://registry.npmjs.org/cross-spawn set size:undefined disposed:false
256 silly fetch manifest esutils@^2.0.2
257 silly packumentCache full:https://registry.npmjs.org/esutils cache-miss
258 http fetch GET 200 https://registry.npmjs.org/debug 158ms (cache miss)
259 silly packumentCache full:https://registry.npmjs.org/debug set size:undefined disposed:false
260 silly fetch manifest fast-deep-equal@^3.1.3
261 silly packumentCache full:https://registry.npmjs.org/fast-deep-equal cache-miss
262 http fetch GET 200 https://registry.npmjs.org/eslint-scope 148ms (cache miss)
263 silly packumentCache full:https://registry.npmjs.org/eslint-scope set size:undefined disposed:false
264 silly fetch manifest file-entry-cache@^8.0.0
265 silly packumentCache full:https://registry.npmjs.org/file-entry-cache cache-miss
266 http fetch GET 200 https://registry.npmjs.org/eslint-visitor-keys 40ms (cache miss)
267 silly packumentCache full:https://registry.npmjs.org/eslint-visitor-keys set size:undefined disposed:false
268 silly fetch manifest find-up@^5.0.0
269 silly packumentCache full:https://registry.npmjs.org/find-up cache-miss
270 http fetch GET 200 https://registry.npmjs.org/ajv 193ms (cache miss)
271 silly packumentCache full:https://registry.npmjs.org/ajv set size:undefined disposed:false
272 silly fetch manifest glob-parent@^6.0.2
273 silly packumentCache full:https://registry.npmjs.org/glob-parent cache-miss
274 http fetch GET 200 https://registry.npmjs.org/espree 48ms (cache miss)
275 silly packumentCache full:https://registry.npmjs.org/espree set size:undefined disposed:false
276 silly fetch manifest ignore@^5.2.0
277 silly packumentCache full:https://registry.npmjs.org/ignore cache-miss
278 http fetch GET 200 https://registry.npmjs.org/esquery 45ms (cache miss)
279 silly packumentCache full:https://registry.npmjs.org/esquery set size:undefined disposed:false
280 silly fetch manifest imurmurhash@^0.1.4
281 silly packumentCache full:https://registry.npmjs.org/imurmurhash cache-miss
282 http fetch GET 200 https://registry.npmjs.org/esutils 42ms (cache miss)
283 silly packumentCache full:https://registry.npmjs.org/esutils set size:undefined disposed:false
284 silly fetch manifest is-glob@^4.0.0
285 silly packumentCache full:https://registry.npmjs.org/is-glob cache-miss
286 http fetch GET 200 https://registry.npmjs.org/fast-deep-equal 41ms (cache miss)
287 silly packumentCache full:https://registry.npmjs.org/fast-deep-equal set size:undefined disposed:false
288 silly fetch manifest json-stable-stringify-without-jsonify@^1.0.1
289 silly packumentCache full:https://registry.npmjs.org/json-stable-stringify-without-jsonify cache-miss
290 http fetch GET 200 https://registry.npmjs.org/file-entry-cache 35ms (cache miss)
291 silly packumentCache full:https://registry.npmjs.org/file-entry-cache set size:undefined disposed:false
292 silly fetch manifest minimatch@^10.2.4
293 silly packumentCache full:https://registry.npmjs.org/minimatch cache-miss
294 http fetch GET 200 https://registry.npmjs.org/glob-parent 32ms (cache miss)
295 silly packumentCache full:https://registry.npmjs.org/glob-parent set size:undefined disposed:false
296 silly fetch manifest natural-compare@^1.4.0
297 silly packumentCache full:https://registry.npmjs.org/natural-compare cache-miss
298 http fetch GET 200 https://registry.npmjs.org/is-glob 32ms (cache miss)
299 silly packumentCache full:https://registry.npmjs.org/is-glob set size:undefined disposed:false
300 silly fetch manifest optionator@^0.9.3
301 silly packumentCache full:https://registry.npmjs.org/optionator cache-miss
302 http fetch GET 200 https://registry.npmjs.org/imurmurhash 36ms (cache miss)
303 silly packumentCache full:https://registry.npmjs.org/imurmurhash set size:undefined disposed:false
304 silly fetch manifest zod@^3.25.0 || ^4.0.0
305 silly packumentCache full:https://registry.npmjs.org/zod cache-miss
306 http fetch GET 200 https://registry.npmjs.org/find-up 53ms (cache miss)
307 silly packumentCache full:https://registry.npmjs.org/find-up set size:undefined disposed:false
308 silly fetch manifest @babel/core@^7.24.4
309 silly packumentCache full:https://registry.npmjs.org/@babel%2fcore cache-miss
310 http fetch GET 200 https://registry.npmjs.org/ignore 42ms (cache miss)
311 silly packumentCache full:https://registry.npmjs.org/ignore set size:undefined disposed:false
312 silly fetch manifest @babel/parser@^7.24.4
313 silly packumentCache full:https://registry.npmjs.org/@babel%2fparser cache-miss
314 http cache https://registry.npmjs.org/@babel%2fcore 6ms (cache hit)
315 silly packumentCache full:https://registry.npmjs.org/@babel%2fcore set size:764052 disposed:false
316 silly fetch manifest hermes-parser@^0.25.1
317 silly packumentCache full:https://registry.npmjs.org/hermes-parser cache-miss
318 http fetch GET 200 https://registry.npmjs.org/json-stable-stringify-without-jsonify 44ms (cache miss)
319 silly packumentCache full:https://registry.npmjs.org/json-stable-stringify-without-jsonify set size:undefined disposed:false
320 silly fetch manifest zod-validation-error@^3.5.0 || ^4.0.0
321 silly packumentCache full:https://registry.npmjs.org/zod-validation-error cache-miss
322 http fetch GET 200 https://registry.npmjs.org/natural-compare 30ms (cache miss)
323 silly packumentCache full:https://registry.npmjs.org/natural-compare set size:undefined disposed:false
324 silly fetch manifest scheduler@^0.27.0
325 silly packumentCache full:https://registry.npmjs.org/scheduler cache-miss
326 http fetch GET 200 https://registry.npmjs.org/minimatch 44ms (cache miss)
327 silly packumentCache full:https://registry.npmjs.org/minimatch set size:undefined disposed:false
328 silly fetch manifest @typescript-eslint/utils@8.59.2
329 silly packumentCache full:https://registry.npmjs.org/@typescript-eslint%2futils cache-miss
330 http fetch GET 200 https://registry.npmjs.org/optionator 31ms (cache miss)
331 silly packumentCache full:https://registry.npmjs.org/optionator set size:undefined disposed:false
332 silly fetch manifest @typescript-eslint/parser@8.59.2
333 silly packumentCache full:https://registry.npmjs.org/@typescript-eslint%2fparser cache-miss
334 http fetch GET 200 https://registry.npmjs.org/hermes-parser 34ms (cache miss)
335 silly packumentCache full:https://registry.npmjs.org/hermes-parser set size:undefined disposed:false
336 silly fetch manifest @typescript-eslint/eslint-plugin@8.59.2
337 silly packumentCache full:https://registry.npmjs.org/@typescript-eslint%2feslint-plugin cache-miss
338 http fetch GET 200 https://registry.npmjs.org/zod-validation-error 45ms (cache miss)
339 silly packumentCache full:https://registry.npmjs.org/zod-validation-error set size:undefined disposed:false
340 silly fetch manifest @typescript-eslint/typescript-estree@8.59.2
341 silly packumentCache full:https://registry.npmjs.org/@typescript-eslint%2ftypescript-estree cache-miss
342 http fetch GET 200 https://registry.npmjs.org/@babel%2fparser 86ms (cache miss)
343 silly packumentCache full:https://registry.npmjs.org/@babel%2fparser set size:undefined disposed:false
344 http fetch GET 200 https://registry.npmjs.org/zod 107ms (cache miss)
345 silly packumentCache full:https://registry.npmjs.org/zod set size:undefined disposed:false
346 http fetch GET 200 https://registry.npmjs.org/scheduler 179ms (cache miss)
347 silly packumentCache full:https://registry.npmjs.org/scheduler set size:undefined disposed:false
348 http fetch GET 200 https://registry.npmjs.org/@typescript-eslint%2futils 308ms (cache miss)
349 silly packumentCache full:https://registry.npmjs.org/@typescript-eslint%2futils set size:undefined disposed:false
350 http fetch GET 200 https://registry.npmjs.org/@typescript-eslint%2fparser 372ms (cache miss)
351 silly packumentCache full:https://registry.npmjs.org/@typescript-eslint%2fparser set size:undefined disposed:false
352 http fetch GET 200 https://registry.npmjs.org/@typescript-eslint%2ftypescript-estree 451ms (cache miss)
353 silly packumentCache full:https://registry.npmjs.org/@typescript-eslint%2ftypescript-estree set size:undefined disposed:false
354 http fetch GET 200 https://registry.npmjs.org/@typescript-eslint%2feslint-plugin 536ms (cache miss)
355 silly packumentCache full:https://registry.npmjs.org/@typescript-eslint%2feslint-plugin set size:undefined disposed:false
356 silly placeDep ROOT undici-types@7.16.0 OK for: @types/node@24.12.2 want: ~7.16.0
357 silly placeDep ROOT csstype@3.2.3 OK for: @types/react@19.2.14 want: ^3.2.2
358 silly placeDep ROOT @rolldown/pluginutils@1.0.0-rc.7 OK for: @vitejs/plugin-react@6.0.1 want: 1.0.0-rc.7
359 silly fetch manifest eslint@^6.0.0 || ^7.0.0 || >=8.0.0
360 silly packumentCache full:https://registry.npmjs.org/eslint cache-miss
361 http cache https://registry.npmjs.org/eslint 5ms (cache hit)
362 silly packumentCache full:https://registry.npmjs.org/eslint set size:1990528 disposed:false
363 silly placeDep ROOT @eslint-community/eslint-utils@4.9.1 OK for: eslint@10.3.0 want: ^4.8.0
364 silly placeDep ROOT @eslint-community/regexpp@4.12.2 OK for: eslint@10.3.0 want: ^4.12.2
365 silly placeDep ROOT @eslint/config-array@0.23.5 OK for: eslint@10.3.0 want: ^0.23.5
366 silly placeDep ROOT @eslint/config-helpers@0.5.5 OK for: eslint@10.3.0 want: ^0.5.5
367 silly placeDep ROOT @eslint/core@1.2.1 OK for: eslint@10.3.0 want: ^1.2.1
368 silly placeDep ROOT @eslint/plugin-kit@0.7.1 OK for: eslint@10.3.0 want: ^0.7.1
369 silly placeDep ROOT @humanfs/node@0.16.8 OK for: eslint@10.3.0 want: ^0.16.6
370 silly placeDep ROOT @humanwhocodes/module-importer@1.0.1 OK for: eslint@10.3.0 want: ^1.0.1
371 silly placeDep ROOT @humanwhocodes/retry@0.4.3 OK for: eslint@10.3.0 want: ^0.4.2
372 silly placeDep ROOT @types/estree@1.0.8 OK for: eslint@10.3.0 want: ^1.0.6
373 silly placeDep ROOT ajv@6.15.0 OK for: eslint@10.3.0 want: ^6.14.0
374 silly placeDep ROOT cross-spawn@7.0.6 OK for: eslint@10.3.0 want: ^7.0.6
375 silly placeDep ROOT debug@4.4.3 OK for: eslint@10.3.0 want: ^4.3.2
376 silly placeDep ROOT escape-string-regexp@4.0.0 OK for: eslint@10.3.0 want: ^4.0.0
377 silly placeDep ROOT eslint-scope@9.1.2 OK for: eslint@10.3.0 want: ^9.1.2
378 silly placeDep ROOT eslint-visitor-keys@5.0.1 OK for: eslint@10.3.0 want: ^5.0.1
379 silly placeDep ROOT espree@11.2.0 OK for: eslint@10.3.0 want: ^11.2.0
380 silly placeDep ROOT esquery@1.7.0 OK for: eslint@10.3.0 want: ^1.7.0
381 silly placeDep ROOT esutils@2.0.3 OK for: eslint@10.3.0 want: ^2.0.2
382 silly placeDep ROOT fast-deep-equal@3.1.3 OK for: eslint@10.3.0 want: ^3.1.3
383 silly placeDep ROOT file-entry-cache@8.0.0 OK for: eslint@10.3.0 want: ^8.0.0
384 silly placeDep ROOT find-up@5.0.0 OK for: eslint@10.3.0 want: ^5.0.0
385 silly placeDep ROOT glob-parent@6.0.2 OK for: eslint@10.3.0 want: ^6.0.2
386 silly placeDep ROOT ignore@5.3.2 OK for: eslint@10.3.0 want: ^5.2.0
387 silly placeDep ROOT imurmurhash@0.1.4 OK for: eslint@10.3.0 want: ^0.1.4
388 silly placeDep ROOT is-glob@4.0.3 OK for: eslint@10.3.0 want: ^4.0.0
389 silly placeDep ROOT json-stable-stringify-without-jsonify@1.0.1 OK for: eslint@10.3.0 want: ^1.0.1
390 silly placeDep ROOT minimatch@10.2.5 OK for: eslint@10.3.0 want: ^10.2.4
391 silly placeDep ROOT natural-compare@1.4.0 OK for: eslint@10.3.0 want: ^1.4.0
392 silly placeDep ROOT optionator@0.9.4 OK for: eslint@10.3.0 want: ^0.9.3
393 silly fetch manifest eslint-visitor-keys@^3.4.3
394 silly packumentCache full:https://registry.npmjs.org/eslint-visitor-keys cache-miss
395 silly fetch manifest @eslint/object-schema@^3.0.5
396 silly packumentCache full:https://registry.npmjs.org/@eslint%2fobject-schema cache-miss
397 silly fetch manifest debug@^4.3.1
398 silly packumentCache full:https://registry.npmjs.org/debug cache-miss
399 silly fetch manifest @types/json-schema@^7.0.15
400 silly packumentCache full:https://registry.npmjs.org/@types%2fjson-schema cache-miss
401 silly fetch manifest levn@^0.4.1
402 silly packumentCache full:https://registry.npmjs.org/levn cache-miss
403 silly fetch manifest @humanwhocodes/retry@^0.4.0
404 silly packumentCache full:https://registry.npmjs.org/@humanwhocodes%2fretry cache-miss
405 silly fetch manifest @humanfs/core@^0.19.2
406 silly packumentCache full:https://registry.npmjs.org/@humanfs%2fcore cache-miss
407 http cache https://registry.npmjs.org/@humanwhocodes%2fretry 4ms (cache hit)
408 silly packumentCache full:https://registry.npmjs.org/@humanwhocodes%2fretry set size:42348 disposed:false
409 silly fetch manifest @humanfs/types@^0.15.0
410 silly packumentCache full:https://registry.npmjs.org/@humanfs%2ftypes cache-miss
411 http cache https://registry.npmjs.org/debug 6ms (cache hit)
412 silly packumentCache full:https://registry.npmjs.org/debug set size:195840 disposed:false
413 silly fetch manifest uri-js@^4.2.2
414 silly packumentCache full:https://registry.npmjs.org/uri-js cache-miss
415 http cache https://registry.npmjs.org/eslint-visitor-keys 8ms (cache hit)
416 silly packumentCache full:https://registry.npmjs.org/eslint-visitor-keys set size:69949 disposed:false
417 silly fetch manifest fast-deep-equal@^3.1.1
418 silly packumentCache full:https://registry.npmjs.org/fast-deep-equal cache-miss
419 http cache https://registry.npmjs.org/fast-deep-equal 2ms (cache hit)
420 silly packumentCache full:https://registry.npmjs.org/fast-deep-equal set size:48634 disposed:false
421 silly fetch manifest json-schema-traverse@^0.4.1
422 silly packumentCache full:https://registry.npmjs.org/json-schema-traverse cache-miss
423 http fetch GET 200 https://registry.npmjs.org/levn 40ms (cache miss)
424 silly packumentCache full:https://registry.npmjs.org/levn set size:undefined disposed:false
425 silly fetch manifest fast-json-stable-stringify@^2.0.0
426 silly packumentCache full:https://registry.npmjs.org/fast-json-stable-stringify cache-miss
427 http fetch GET 200 https://registry.npmjs.org/uri-js 34ms (cache miss)
428 silly packumentCache full:https://registry.npmjs.org/uri-js set size:undefined disposed:false
429 silly fetch manifest which@^2.0.1
430 silly packumentCache full:https://registry.npmjs.org/which cache-miss
431 http fetch GET 200 https://registry.npmjs.org/json-schema-traverse 42ms (cache miss)
432 silly packumentCache full:https://registry.npmjs.org/json-schema-traverse set size:undefined disposed:false
433 silly fetch manifest path-key@^3.1.0
434 silly packumentCache full:https://registry.npmjs.org/path-key cache-miss
435 http fetch GET 200 https://registry.npmjs.org/@humanfs%2ftypes 52ms (cache miss)
436 silly packumentCache full:https://registry.npmjs.org/@humanfs%2ftypes set size:undefined disposed:false
437 silly fetch manifest shebang-command@^2.0.0
438 silly packumentCache full:https://registry.npmjs.org/shebang-command cache-miss
439 http fetch GET 200 https://registry.npmjs.org/@types%2fjson-schema 57ms (cache miss)
440 silly packumentCache full:https://registry.npmjs.org/@types%2fjson-schema set size:undefined disposed:false
441 silly fetch manifest ms@^2.1.3
442 silly packumentCache full:https://registry.npmjs.org/ms cache-miss
443 http fetch GET 200 https://registry.npmjs.org/@eslint%2fobject-schema 58ms (cache miss)
444 silly packumentCache full:https://registry.npmjs.org/@eslint%2fobject-schema set size:undefined disposed:false
445 silly fetch manifest @types/esrecurse@^4.3.1
446 silly packumentCache full:https://registry.npmjs.org/@types%2fesrecurse cache-miss
447 http fetch GET 200 https://registry.npmjs.org/@humanfs%2fcore 58ms (cache miss)
448 silly packumentCache full:https://registry.npmjs.org/@humanfs%2fcore set size:undefined disposed:false
449 silly fetch manifest esrecurse@^4.3.0
450 silly packumentCache full:https://registry.npmjs.org/esrecurse cache-miss
451 http fetch GET 200 https://registry.npmjs.org/which 31ms (cache miss)
452 silly packumentCache full:https://registry.npmjs.org/which set size:undefined disposed:false
453 silly fetch manifest estraverse@^5.2.0
454 silly packumentCache full:https://registry.npmjs.org/estraverse cache-miss
455 http fetch GET 200 https://registry.npmjs.org/fast-json-stable-stringify 39ms (cache miss)
456 silly packumentCache full:https://registry.npmjs.org/fast-json-stable-stringify set size:undefined disposed:false
457 silly fetch manifest acorn@^8.16.0
458 silly packumentCache full:https://registry.npmjs.org/acorn cache-miss
459 http fetch GET 200 https://registry.npmjs.org/esrecurse 30ms (cache miss)
460 silly packumentCache full:https://registry.npmjs.org/esrecurse set size:undefined disposed:false
461 silly fetch manifest acorn-jsx@^5.3.2
462 silly packumentCache full:https://registry.npmjs.org/acorn-jsx cache-miss
463 http fetch GET 200 https://registry.npmjs.org/path-key 37ms (cache miss)
464 silly packumentCache full:https://registry.npmjs.org/path-key set size:undefined disposed:false
465 silly fetch manifest estraverse@^5.1.0
466 silly packumentCache full:https://registry.npmjs.org/estraverse cache-miss
467 http fetch GET 200 https://registry.npmjs.org/ms 34ms (cache miss)
468 silly packumentCache full:https://registry.npmjs.org/ms set size:undefined disposed:false
469 silly fetch manifest flat-cache@^4.0.0
470 silly packumentCache full:https://registry.npmjs.org/flat-cache cache-miss
471 http fetch GET 200 https://registry.npmjs.org/shebang-command 36ms (cache miss)
472 silly packumentCache full:https://registry.npmjs.org/shebang-command set size:undefined disposed:false
473 silly fetch manifest locate-path@^6.0.0
474 silly packumentCache full:https://registry.npmjs.org/locate-path cache-miss
475 http fetch GET 200 https://registry.npmjs.org/@types%2fesrecurse 43ms (cache miss)
476 silly packumentCache full:https://registry.npmjs.org/@types%2fesrecurse set size:undefined disposed:false
477 silly fetch manifest path-exists@^4.0.0
478 silly packumentCache full:https://registry.npmjs.org/path-exists cache-miss
479 http fetch GET 200 https://registry.npmjs.org/estraverse 33ms (cache miss)
480 silly packumentCache full:https://registry.npmjs.org/estraverse set size:undefined disposed:false
481 silly fetch manifest is-glob@^4.0.3
482 silly packumentCache full:https://registry.npmjs.org/is-glob cache-miss
483 http cache https://registry.npmjs.org/is-glob 1ms (cache hit)
484 silly packumentCache full:https://registry.npmjs.org/is-glob set size:40530 disposed:false
485 silly fetch manifest is-extglob@^2.1.1
486 silly packumentCache full:https://registry.npmjs.org/is-extglob cache-miss
487 http fetch GET 200 https://registry.npmjs.org/estraverse 38ms (cache miss)
488 silly packumentCache full:https://registry.npmjs.org/estraverse set size:undefined disposed:false
489 silly fetch manifest brace-expansion@^5.0.5
490 silly packumentCache full:https://registry.npmjs.org/brace-expansion cache-miss
491 http fetch GET 200 https://registry.npmjs.org/acorn-jsx 40ms (cache miss)
492 silly packumentCache full:https://registry.npmjs.org/acorn-jsx set size:undefined disposed:false
493 silly fetch manifest prelude-ls@^1.2.1
494 silly packumentCache full:https://registry.npmjs.org/prelude-ls cache-miss
495 http fetch GET 200 https://registry.npmjs.org/locate-path 38ms (cache miss)
496 silly packumentCache full:https://registry.npmjs.org/locate-path set size:undefined disposed:false
497 silly fetch manifest deep-is@^0.1.3
498 silly packumentCache full:https://registry.npmjs.org/deep-is cache-miss
499 http fetch GET 200 https://registry.npmjs.org/flat-cache 41ms (cache miss)
500 silly packumentCache full:https://registry.npmjs.org/flat-cache set size:undefined disposed:false
501 silly fetch manifest word-wrap@^1.2.5
502 silly packumentCache full:https://registry.npmjs.org/word-wrap cache-miss
503 http fetch GET 200 https://registry.npmjs.org/acorn 56ms (cache miss)
504 silly packumentCache full:https://registry.npmjs.org/acorn set size:undefined disposed:false
505 silly fetch manifest type-check@^0.4.0
506 silly packumentCache full:https://registry.npmjs.org/type-check cache-miss
507 http fetch GET 200 https://registry.npmjs.org/path-exists 37ms (cache miss)
508 silly packumentCache full:https://registry.npmjs.org/path-exists set size:undefined disposed:false
509 silly fetch manifest fast-levenshtein@^2.0.6
510 silly packumentCache full:https://registry.npmjs.org/fast-levenshtein cache-miss
511 http fetch GET 200 https://registry.npmjs.org/is-extglob 31ms (cache miss)
512 silly packumentCache full:https://registry.npmjs.org/is-extglob set size:undefined disposed:false
513 http fetch GET 200 https://registry.npmjs.org/prelude-ls 34ms (cache miss)
514 silly packumentCache full:https://registry.npmjs.org/prelude-ls set size:undefined disposed:false
515 http fetch GET 200 https://registry.npmjs.org/brace-expansion 35ms (cache miss)
516 silly packumentCache full:https://registry.npmjs.org/brace-expansion set size:undefined disposed:false
517 http fetch GET 200 https://registry.npmjs.org/deep-is 34ms (cache miss)
518 silly packumentCache full:https://registry.npmjs.org/deep-is set size:undefined disposed:false
519 http fetch GET 200 https://registry.npmjs.org/type-check 31ms (cache miss)
520 silly packumentCache full:https://registry.npmjs.org/type-check set size:undefined disposed:false
521 http fetch GET 200 https://registry.npmjs.org/fast-levenshtein 34ms (cache miss)
522 silly packumentCache full:https://registry.npmjs.org/fast-levenshtein set size:undefined disposed:false
523 http fetch GET 200 https://registry.npmjs.org/word-wrap 41ms (cache miss)
524 silly packumentCache full:https://registry.npmjs.org/word-wrap set size:undefined disposed:false
525 silly placeDep node_modules/@eslint-community/eslint-utils eslint-visitor-keys@3.4.3 OK for: @eslint-community/eslint-utils@4.9.1 want: ^3.4.3
526 silly placeDep ROOT @eslint/object-schema@3.0.5 OK for: @eslint/config-array@0.23.5 want: ^3.0.5
527 silly placeDep ROOT @types/json-schema@7.0.15 OK for: @eslint/core@1.2.1 want: ^7.0.15
528 silly placeDep ROOT levn@0.4.1 OK for: @eslint/plugin-kit@0.7.1 want: ^0.4.1
529 silly fetch manifest type-check@~0.4.0
530 silly packumentCache full:https://registry.npmjs.org/type-check cache-miss
531 http cache https://registry.npmjs.org/type-check 1ms (cache hit)
532 silly packumentCache full:https://registry.npmjs.org/type-check set size:21221 disposed:false
533 silly placeDep ROOT @humanfs/core@0.19.2 OK for: @humanfs/node@0.16.8 want: ^0.19.2
534 silly placeDep ROOT @humanfs/types@0.15.0 OK for: @humanfs/node@0.16.8 want: ^0.15.0
535 silly placeDep ROOT fast-json-stable-stringify@2.1.0 OK for: ajv@6.15.0 want: ^2.0.0
536 silly placeDep ROOT json-schema-traverse@0.4.1 OK for: ajv@6.15.0 want: ^0.4.1
537 silly placeDep ROOT uri-js@4.4.1 OK for: ajv@6.15.0 want: ^4.2.2
538 silly fetch manifest punycode@^2.1.0
539 silly packumentCache full:https://registry.npmjs.org/punycode cache-miss
540 http fetch GET 200 https://registry.npmjs.org/punycode 35ms (cache miss)
541 silly packumentCache full:https://registry.npmjs.org/punycode set size:undefined disposed:false
542 silly placeDep ROOT path-key@3.1.1 OK for: cross-spawn@7.0.6 want: ^3.1.0
543 silly placeDep ROOT shebang-command@2.0.0 OK for: cross-spawn@7.0.6 want: ^2.0.0
544 silly placeDep ROOT which@2.0.2 OK for: cross-spawn@7.0.6 want: ^2.0.1
545 silly fetch manifest shebang-regex@^3.0.0
546 silly packumentCache full:https://registry.npmjs.org/shebang-regex cache-miss
547 silly fetch manifest isexe@^2.0.0
548 silly packumentCache full:https://registry.npmjs.org/isexe cache-miss
549 http fetch GET 200 https://registry.npmjs.org/shebang-regex 33ms (cache miss)
550 silly packumentCache full:https://registry.npmjs.org/shebang-regex set size:undefined disposed:false
551 http fetch GET 200 https://registry.npmjs.org/isexe 33ms (cache miss)
552 silly packumentCache full:https://registry.npmjs.org/isexe set size:undefined disposed:false
553 silly placeDep ROOT ms@2.1.3 OK for: debug@4.4.3 want: ^2.1.3
554 silly placeDep ROOT @babel/core@7.29.0 OK for: eslint-plugin-react-hooks@7.1.1 want: ^7.24.4
555 silly placeDep ROOT @babel/parser@7.29.3 OK for: eslint-plugin-react-hooks@7.1.1 want: ^7.24.4
556 silly placeDep ROOT hermes-parser@0.25.1 OK for: eslint-plugin-react-hooks@7.1.1 want: ^0.25.1
557 silly placeDep ROOT zod@4.4.3 OK for: eslint-plugin-react-hooks@7.1.1 want: ^3.25.0 || ^4.0.0
558 silly placeDep ROOT zod-validation-error@4.0.2 OK for: eslint-plugin-react-hooks@7.1.1 want: ^3.5.0 || ^4.0.0
559 silly fetch manifest json5@^2.2.3
560 silly packumentCache full:https://registry.npmjs.org/json5 cache-miss
561 silly fetch manifest semver@^6.3.1
562 silly packumentCache full:https://registry.npmjs.org/semver cache-miss
563 silly fetch manifest gensync@^1.0.0-beta.2
564 silly packumentCache full:https://registry.npmjs.org/gensync cache-miss
565 silly fetch manifest @babel/types@^7.29.0
566 silly packumentCache full:https://registry.npmjs.org/@babel%2ftypes cache-miss
567 silly fetch manifest @babel/parser@^7.29.0
568 silly packumentCache full:https://registry.npmjs.org/@babel%2fparser cache-miss
569 silly fetch manifest @babel/helpers@^7.28.6
570 silly packumentCache full:https://registry.npmjs.org/@babel%2fhelpers cache-miss
571 silly fetch manifest @babel/template@^7.28.6
572 silly packumentCache full:https://registry.npmjs.org/@babel%2ftemplate cache-miss
573 http cache https://registry.npmjs.org/@babel%2fparser 6ms (cache hit)
574 silly packumentCache full:https://registry.npmjs.org/@babel%2fparser set size:723297 disposed:false
575 silly fetch manifest @babel/traverse@^7.29.0
576 silly packumentCache full:https://registry.npmjs.org/@babel%2ftraverse cache-miss
577 http fetch GET 200 https://registry.npmjs.org/gensync 36ms (cache miss)
578 silly packumentCache full:https://registry.npmjs.org/gensync set size:undefined disposed:false
579 silly fetch manifest @babel/generator@^7.29.0
580 silly packumentCache full:https://registry.npmjs.org/@babel%2fgenerator cache-miss
581 http fetch GET 200 https://registry.npmjs.org/json5 42ms (cache miss)
582 silly packumentCache full:https://registry.npmjs.org/json5 set size:undefined disposed:false
583 silly fetch manifest @babel/code-frame@^7.29.0
584 silly packumentCache full:https://registry.npmjs.org/@babel%2fcode-frame cache-miss
585 http fetch GET 200 https://registry.npmjs.org/semver 44ms (cache miss)
586 silly packumentCache full:https://registry.npmjs.org/semver set size:undefined disposed:false
587 silly fetch manifest convert-source-map@^2.0.0
588 silly packumentCache full:https://registry.npmjs.org/convert-source-map cache-miss
589 http fetch GET 200 https://registry.npmjs.org/@babel%2ftemplate 53ms (cache miss)
590 silly packumentCache full:https://registry.npmjs.org/@babel%2ftemplate set size:undefined disposed:false
591 silly fetch manifest @jridgewell/remapping@^2.3.5
592 silly packumentCache full:https://registry.npmjs.org/@jridgewell%2fremapping cache-miss
593 http fetch GET 200 https://registry.npmjs.org/@babel%2fhelpers 55ms (cache miss)
594 silly packumentCache full:https://registry.npmjs.org/@babel%2fhelpers set size:undefined disposed:false
595 silly fetch manifest @babel/helper-module-transforms@^7.28.6
596 silly packumentCache full:https://registry.npmjs.org/@babel%2fhelper-module-transforms cache-miss
597 http fetch GET 200 https://registry.npmjs.org/@babel%2ftypes 62ms (cache miss)
598 silly packumentCache full:https://registry.npmjs.org/@babel%2ftypes set size:undefined disposed:false
599 silly fetch manifest @babel/helper-compilation-targets@^7.28.6
600 silly packumentCache full:https://registry.npmjs.org/@babel%2fhelper-compilation-targets cache-miss
601 http fetch GET 200 https://registry.npmjs.org/@babel%2ftraverse 57ms (cache miss)
602 silly packumentCache full:https://registry.npmjs.org/@babel%2ftraverse set size:undefined disposed:false
603 silly fetch manifest hermes-estree@0.25.1
604 silly packumentCache full:https://registry.npmjs.org/hermes-estree cache-miss
605 http fetch GET 200 https://registry.npmjs.org/convert-source-map 42ms (cache miss)
606 silly packumentCache full:https://registry.npmjs.org/convert-source-map set size:undefined disposed:false
607 http fetch GET 200 https://registry.npmjs.org/@babel%2fcode-frame 48ms (cache miss)
608 silly packumentCache full:https://registry.npmjs.org/@babel%2fcode-frame set size:undefined disposed:false
609 http fetch GET 200 https://registry.npmjs.org/@jridgewell%2fremapping 43ms (cache miss)
610 silly packumentCache full:https://registry.npmjs.org/@jridgewell%2fremapping set size:undefined disposed:false
611 http fetch GET 200 https://registry.npmjs.org/hermes-estree 44ms (cache miss)
612 silly packumentCache full:https://registry.npmjs.org/hermes-estree set size:undefined disposed:false
613 http fetch GET 200 https://registry.npmjs.org/@babel%2fhelper-module-transforms 63ms (cache miss)
614 silly packumentCache full:https://registry.npmjs.org/@babel%2fhelper-module-transforms set size:undefined disposed:false
615 http fetch GET 200 https://registry.npmjs.org/@babel%2fgenerator 86ms (cache miss)
616 silly packumentCache full:https://registry.npmjs.org/@babel%2fgenerator set size:undefined disposed:false
617 http fetch GET 200 https://registry.npmjs.org/@babel%2fhelper-compilation-targets 60ms (cache miss)
618 silly packumentCache full:https://registry.npmjs.org/@babel%2fhelper-compilation-targets set size:undefined disposed:false
619 silly fetch manifest @babel/core@^7.0.0
620 silly packumentCache full:https://registry.npmjs.org/@babel%2fcore cache-hit
621 silly placeDep ROOT @babel/code-frame@7.29.0 OK for: @babel/core@7.29.0 want: ^7.29.0
622 silly placeDep ROOT @babel/generator@7.29.1 OK for: @babel/core@7.29.0 want: ^7.29.0
623 silly placeDep ROOT @babel/helper-compilation-targets@7.28.6 OK for: @babel/core@7.29.0 want: ^7.28.6
624 silly placeDep ROOT @babel/helper-module-transforms@7.28.6 OK for: @babel/core@7.29.0 want: ^7.28.6
625 silly placeDep ROOT @babel/helpers@7.29.2 OK for: @babel/core@7.29.0 want: ^7.28.6
626 silly placeDep ROOT @babel/template@7.28.6 OK for: @babel/core@7.29.0 want: ^7.28.6
627 silly placeDep ROOT @babel/traverse@7.29.0 OK for: @babel/core@7.29.0 want: ^7.29.0
628 silly placeDep ROOT @babel/types@7.29.0 OK for: @babel/core@7.29.0 want: ^7.29.0
629 silly placeDep ROOT @jridgewell/remapping@2.3.5 OK for: @babel/core@7.29.0 want: ^2.3.5
630 silly placeDep ROOT convert-source-map@2.0.0 OK for: @babel/core@7.29.0 want: ^2.0.0
631 silly placeDep ROOT gensync@1.0.0-beta.2 OK for: @babel/core@7.29.0 want: ^1.0.0-beta.2
632 silly placeDep ROOT json5@2.2.3 OK for: @babel/core@7.29.0 want: ^2.2.3
633 silly placeDep ROOT semver@6.3.1 OK for: @babel/core@7.29.0 want: ^6.3.1
634 silly fetch manifest js-tokens@^4.0.0
635 silly packumentCache full:https://registry.npmjs.org/js-tokens cache-miss
636 silly fetch manifest picocolors@^1.1.1
637 silly packumentCache full:https://registry.npmjs.org/picocolors cache-miss
638 silly fetch manifest @babel/helper-validator-identifier@^7.28.5
639 silly packumentCache full:https://registry.npmjs.org/@babel%2fhelper-validator-identifier cache-miss
640 silly fetch manifest jsesc@^3.0.2
641 silly packumentCache full:https://registry.npmjs.org/jsesc cache-miss
642 silly fetch manifest @jridgewell/gen-mapping@^0.3.12
643 silly packumentCache full:https://registry.npmjs.org/@jridgewell%2fgen-mapping cache-miss
644 silly fetch manifest @jridgewell/trace-mapping@^0.3.28
645 silly packumentCache full:https://registry.npmjs.org/@jridgewell%2ftrace-mapping cache-miss
646 silly fetch manifest lru-cache@^5.1.1
647 silly packumentCache full:https://registry.npmjs.org/lru-cache cache-miss
648 http fetch GET 200 https://registry.npmjs.org/js-tokens 35ms (cache miss)
649 silly packumentCache full:https://registry.npmjs.org/js-tokens set size:undefined disposed:false
650 silly fetch manifest browserslist@^4.24.0
651 silly packumentCache full:https://registry.npmjs.org/browserslist cache-miss
652 http fetch GET 200 https://registry.npmjs.org/picocolors 40ms (cache miss)
653 silly packumentCache full:https://registry.npmjs.org/picocolors set size:undefined disposed:false
654 silly fetch manifest @babel/compat-data@^7.28.6
655 silly packumentCache full:https://registry.npmjs.org/@babel%2fcompat-data cache-miss
656 http fetch GET 200 https://registry.npmjs.org/jsesc 41ms (cache miss)
657 silly packumentCache full:https://registry.npmjs.org/jsesc set size:undefined disposed:false
658 silly fetch manifest @babel/helper-validator-option@^7.27.1
659 silly packumentCache full:https://registry.npmjs.org/@babel%2fhelper-validator-option cache-miss
660 http fetch GET 200 https://registry.npmjs.org/@babel%2fhelper-validator-identifier 45ms (cache miss)
661 silly packumentCache full:https://registry.npmjs.org/@babel%2fhelper-validator-identifier set size:undefined disposed:false
662 silly fetch manifest @babel/traverse@^7.28.6
663 silly packumentCache full:https://registry.npmjs.org/@babel%2ftraverse cache-miss
664 http cache https://registry.npmjs.org/@babel%2ftraverse 3ms (cache hit)
665 silly packumentCache full:https://registry.npmjs.org/@babel%2ftraverse set size:550946 disposed:false
666 silly fetch manifest @babel/helper-module-imports@^7.28.6
667 silly packumentCache full:https://registry.npmjs.org/@babel%2fhelper-module-imports cache-miss
668 http fetch GET 200 https://registry.npmjs.org/@jridgewell%2ftrace-mapping 54ms (cache miss)
669 silly packumentCache full:https://registry.npmjs.org/@jridgewell%2ftrace-mapping set size:undefined disposed:false
670 silly fetch manifest @babel/types@^7.28.6
671 silly packumentCache full:https://registry.npmjs.org/@babel%2ftypes cache-miss
672 http fetch GET 200 https://registry.npmjs.org/lru-cache 58ms (cache miss)
673 silly packumentCache full:https://registry.npmjs.org/lru-cache set size:undefined disposed:false
674 silly fetch manifest @babel/helper-globals@^7.28.0
675 silly packumentCache full:https://registry.npmjs.org/@babel%2fhelper-globals cache-miss
676 http cache https://registry.npmjs.org/@babel%2ftypes 8ms (cache hit)
677 silly packumentCache full:https://registry.npmjs.org/@babel%2ftypes set size:489931 disposed:false
678 silly fetch manifest @babel/helper-string-parser@^7.27.1
679 silly packumentCache full:https://registry.npmjs.org/@babel%2fhelper-string-parser cache-miss
680 http fetch GET 200 https://registry.npmjs.org/@jridgewell%2fgen-mapping 66ms (cache miss)
681 silly packumentCache full:https://registry.npmjs.org/@jridgewell%2fgen-mapping set size:undefined disposed:false
682 silly fetch manifest @jridgewell/gen-mapping@^0.3.5
683 silly packumentCache full:https://registry.npmjs.org/@jridgewell%2fgen-mapping cache-miss
684 http cache https://registry.npmjs.org/@jridgewell%2fgen-mapping 3ms (cache hit)
685 silly packumentCache full:https://registry.npmjs.org/@jridgewell%2fgen-mapping set size:80719 disposed:false
686 silly fetch manifest @jridgewell/trace-mapping@^0.3.24
687 silly packumentCache full:https://registry.npmjs.org/@jridgewell%2ftrace-mapping cache-miss
688 http cache https://registry.npmjs.org/@jridgewell%2ftrace-mapping 1ms (cache hit)
689 silly packumentCache full:https://registry.npmjs.org/@jridgewell%2ftrace-mapping set size:170909 disposed:false
690 http fetch GET 200 https://registry.npmjs.org/@babel%2fhelper-validator-option 45ms (cache miss)
691 silly packumentCache full:https://registry.npmjs.org/@babel%2fhelper-validator-option set size:undefined disposed:false
692 http fetch GET 200 https://registry.npmjs.org/browserslist 52ms (cache miss)
693 silly packumentCache full:https://registry.npmjs.org/browserslist set size:undefined disposed:false
694 http fetch GET 200 https://registry.npmjs.org/@babel%2fcompat-data 50ms (cache miss)
695 silly packumentCache full:https://registry.npmjs.org/@babel%2fcompat-data set size:undefined disposed:false
696 http fetch GET 200 https://registry.npmjs.org/@babel%2fhelper-module-imports 56ms (cache miss)
697 silly packumentCache full:https://registry.npmjs.org/@babel%2fhelper-module-imports set size:undefined disposed:false
698 http fetch GET 200 https://registry.npmjs.org/@babel%2fhelper-globals 48ms (cache miss)
699 silly packumentCache full:https://registry.npmjs.org/@babel%2fhelper-globals set size:undefined disposed:false
700 http fetch GET 200 https://registry.npmjs.org/@babel%2fhelper-string-parser 44ms (cache miss)
701 silly packumentCache full:https://registry.npmjs.org/@babel%2fhelper-string-parser set size:undefined disposed:false
702 silly placeDep ROOT @babel/helper-validator-identifier@7.28.5 OK for: @babel/code-frame@7.29.0 want: ^7.28.5
703 silly placeDep ROOT js-tokens@4.0.0 OK for: @babel/code-frame@7.29.0 want: ^4.0.0
704 silly placeDep ROOT picocolors@1.1.1 OK for: @babel/code-frame@7.29.0 want: ^1.1.1
705 silly placeDep ROOT @jridgewell/gen-mapping@0.3.13 OK for: @babel/generator@7.29.1 want: ^0.3.12
706 silly placeDep ROOT @jridgewell/trace-mapping@0.3.31 OK for: @babel/generator@7.29.1 want: ^0.3.28
707 silly placeDep ROOT jsesc@3.1.0 OK for: @babel/generator@7.29.1 want: ^3.0.2
708 silly fetch manifest @jridgewell/sourcemap-codec@^1.5.0
709 silly packumentCache full:https://registry.npmjs.org/@jridgewell%2fsourcemap-codec cache-miss
710 silly fetch manifest @jridgewell/resolve-uri@^3.1.0
711 silly packumentCache full:https://registry.npmjs.org/@jridgewell%2fresolve-uri cache-miss
712 silly fetch manifest @jridgewell/sourcemap-codec@^1.4.14
713 silly packumentCache full:https://registry.npmjs.org/@jridgewell%2fsourcemap-codec cache-miss
714 http fetch GET 200 https://registry.npmjs.org/@jridgewell%2fsourcemap-codec 49ms (cache miss)
715 silly packumentCache full:https://registry.npmjs.org/@jridgewell%2fsourcemap-codec set size:undefined disposed:false
716 http fetch GET 200 https://registry.npmjs.org/@jridgewell%2fsourcemap-codec 53ms (cache miss)
717 silly packumentCache full:https://registry.npmjs.org/@jridgewell%2fsourcemap-codec set size:undefined disposed:false
718 http fetch GET 200 https://registry.npmjs.org/@jridgewell%2fresolve-uri 53ms (cache miss)
719 silly packumentCache full:https://registry.npmjs.org/@jridgewell%2fresolve-uri set size:undefined disposed:false
720 silly placeDep ROOT @babel/compat-data@7.29.3 OK for: @babel/helper-compilation-targets@7.28.6 want: ^7.28.6
721 silly placeDep ROOT @babel/helper-validator-option@7.27.1 OK for: @babel/helper-compilation-targets@7.28.6 want: ^7.27.1
722 silly placeDep ROOT browserslist@4.28.2 OK for: @babel/helper-compilation-targets@7.28.6 want: ^4.24.0
723 silly placeDep ROOT lru-cache@5.1.1 OK for: @babel/helper-compilation-targets@7.28.6 want: ^5.1.1
724 silly fetch manifest baseline-browser-mapping@^2.10.12
725 silly packumentCache full:https://registry.npmjs.org/baseline-browser-mapping cache-miss
726 silly fetch manifest caniuse-lite@^1.0.30001782
727 silly packumentCache full:https://registry.npmjs.org/caniuse-lite cache-miss
728 silly fetch manifest electron-to-chromium@^1.5.328
729 silly packumentCache full:https://registry.npmjs.org/electron-to-chromium cache-miss
730 silly fetch manifest node-releases@^2.0.36
731 silly packumentCache full:https://registry.npmjs.org/node-releases cache-miss
732 silly fetch manifest update-browserslist-db@^1.2.3
733 silly packumentCache full:https://registry.npmjs.org/update-browserslist-db cache-miss
734 silly fetch manifest yallist@^3.0.2
735 silly packumentCache full:https://registry.npmjs.org/yallist cache-miss
736 http fetch GET 200 https://registry.npmjs.org/update-browserslist-db 35ms (cache miss)
737 silly packumentCache full:https://registry.npmjs.org/update-browserslist-db set size:undefined disposed:false
738 http fetch GET 200 https://registry.npmjs.org/yallist 37ms (cache miss)
739 silly packumentCache full:https://registry.npmjs.org/yallist set size:undefined disposed:false
740 http fetch GET 200 https://registry.npmjs.org/baseline-browser-mapping 39ms (cache miss)
741 silly packumentCache full:https://registry.npmjs.org/baseline-browser-mapping set size:undefined disposed:false
742 http fetch GET 200 https://registry.npmjs.org/node-releases 44ms (cache miss)
743 silly packumentCache full:https://registry.npmjs.org/node-releases set size:undefined disposed:false
744 http fetch GET 200 https://registry.npmjs.org/caniuse-lite 92ms (cache miss)
745 silly packumentCache full:https://registry.npmjs.org/caniuse-lite set size:undefined disposed:false
746 http fetch GET 200 https://registry.npmjs.org/electron-to-chromium 139ms (cache miss)
747 silly packumentCache full:https://registry.npmjs.org/electron-to-chromium set size:undefined disposed:false
748 silly placeDep ROOT @babel/helper-module-imports@7.28.6 OK for: @babel/helper-module-transforms@7.28.6 want: ^7.28.6
749 silly placeDep ROOT @babel/helper-globals@7.28.0 OK for: @babel/traverse@7.29.0 want: ^7.28.0
750 silly placeDep ROOT @babel/helper-string-parser@7.27.1 OK for: @babel/types@7.29.0 want: ^7.27.1
751 silly placeDep ROOT @jridgewell/sourcemap-codec@1.5.5 OK for: @jridgewell/gen-mapping@0.3.13 want: ^1.5.0
752 silly placeDep ROOT @jridgewell/resolve-uri@3.1.2 OK for: @jridgewell/trace-mapping@0.3.31 want: ^3.1.0
753 silly fetch manifest browserslist@>= 4.21.0
754 silly packumentCache full:https://registry.npmjs.org/browserslist cache-miss
755 http cache https://registry.npmjs.org/browserslist 2ms (cache hit)
756 silly packumentCache full:https://registry.npmjs.org/browserslist set size:504681 disposed:false
757 silly placeDep ROOT baseline-browser-mapping@2.10.27 OK for: browserslist@4.28.2 want: ^2.10.12
758 silly placeDep ROOT caniuse-lite@1.0.30001792 OK for: browserslist@4.28.2 want: ^1.0.30001782
759 silly placeDep ROOT electron-to-chromium@1.5.351 OK for: browserslist@4.28.2 want: ^1.5.328
760 silly placeDep ROOT node-releases@2.0.38 OK for: browserslist@4.28.2 want: ^2.0.36
761 silly placeDep ROOT update-browserslist-db@1.2.3 OK for: browserslist@4.28.2 want: ^1.2.3
762 silly fetch manifest escalade@^3.2.0
763 silly packumentCache full:https://registry.npmjs.org/escalade cache-miss
764 http fetch GET 200 https://registry.npmjs.org/escalade 34ms (cache miss)
765 silly packumentCache full:https://registry.npmjs.org/escalade set size:undefined disposed:false
766 silly placeDep ROOT @types/esrecurse@4.3.1 OK for: eslint-scope@9.1.2 want: ^4.3.1
767 silly placeDep ROOT esrecurse@4.3.0 OK for: eslint-scope@9.1.2 want: ^4.3.0
768 silly placeDep ROOT estraverse@5.3.0 OK for: eslint-scope@9.1.2 want: ^5.2.0
769 silly placeDep ROOT acorn@8.16.0 OK for: espree@11.2.0 want: ^8.16.0
770 silly placeDep ROOT acorn-jsx@5.3.2 OK for: espree@11.2.0 want: ^5.3.2
771 silly placeDep ROOT flat-cache@4.0.1 OK for: file-entry-cache@8.0.0 want: ^4.0.0
772 silly fetch manifest keyv@^4.5.4
773 silly packumentCache full:https://registry.npmjs.org/keyv cache-miss
774 silly fetch manifest flatted@^3.2.9
775 silly packumentCache full:https://registry.npmjs.org/flatted cache-miss
776 http fetch GET 200 https://registry.npmjs.org/flatted 33ms (cache miss)
777 silly packumentCache full:https://registry.npmjs.org/flatted set size:undefined disposed:false
778 http fetch GET 200 https://registry.npmjs.org/keyv 37ms (cache miss)
779 silly packumentCache full:https://registry.npmjs.org/keyv set size:undefined disposed:false
780 silly placeDep ROOT locate-path@6.0.0 OK for: find-up@5.0.0 want: ^6.0.0
781 silly placeDep ROOT path-exists@4.0.0 OK for: find-up@5.0.0 want: ^4.0.0
782 silly fetch manifest p-locate@^5.0.0
783 silly packumentCache full:https://registry.npmjs.org/p-locate cache-miss
784 http fetch GET 200 https://registry.npmjs.org/p-locate 34ms (cache miss)
785 silly packumentCache full:https://registry.npmjs.org/p-locate set size:undefined disposed:false
786 silly placeDep ROOT flatted@3.4.2 OK for: flat-cache@4.0.1 want: ^3.2.9
787 silly placeDep ROOT keyv@4.5.4 OK for: flat-cache@4.0.1 want: ^4.5.4
788 silly fetch manifest json-buffer@3.0.1
789 silly packumentCache full:https://registry.npmjs.org/json-buffer cache-miss
790 http fetch GET 200 https://registry.npmjs.org/json-buffer 31ms (cache miss)
791 silly packumentCache full:https://registry.npmjs.org/json-buffer set size:undefined disposed:false
792 silly placeDep ROOT hermes-estree@0.25.1 OK for: hermes-parser@0.25.1 want: 0.25.1
793 silly placeDep ROOT is-extglob@2.1.1 OK for: is-glob@4.0.3 want: ^2.1.1
794 silly placeDep ROOT json-buffer@3.0.1 OK for: keyv@4.5.4 want: 3.0.1
795 silly placeDep ROOT prelude-ls@1.2.1 OK for: levn@0.4.1 want: ^1.2.1
796 silly placeDep ROOT type-check@0.4.0 OK for: levn@0.4.1 want: ~0.4.0
797 silly placeDep ROOT p-locate@5.0.0 OK for: locate-path@6.0.0 want: ^5.0.0
798 silly fetch manifest p-limit@^3.0.2
799 silly packumentCache full:https://registry.npmjs.org/p-limit cache-miss
800 http fetch GET 200 https://registry.npmjs.org/p-limit 36ms (cache miss)
801 silly packumentCache full:https://registry.npmjs.org/p-limit set size:undefined disposed:false
802 silly placeDep ROOT yallist@3.1.1 OK for: lru-cache@5.1.1 want: ^3.0.2
803 silly placeDep ROOT brace-expansion@5.0.5 OK for: minimatch@10.2.5 want: ^5.0.5
804 silly fetch manifest balanced-match@^4.0.2
805 silly packumentCache full:https://registry.npmjs.org/balanced-match cache-miss
806 http fetch GET 200 https://registry.npmjs.org/balanced-match 38ms (cache miss)
807 silly packumentCache full:https://registry.npmjs.org/balanced-match set size:undefined disposed:false
808 silly placeDep ROOT balanced-match@4.0.4 OK for: brace-expansion@5.0.5 want: ^4.0.2
809 silly placeDep ROOT deep-is@0.1.4 OK for: optionator@0.9.4 want: ^0.1.3
810 silly placeDep ROOT fast-levenshtein@2.0.6 OK for: optionator@0.9.4 want: ^2.0.6
811 silly placeDep ROOT word-wrap@1.2.5 OK for: optionator@0.9.4 want: ^1.2.5
812 silly placeDep ROOT p-limit@3.1.0 OK for: p-locate@5.0.0 want: ^3.0.2
813 silly fetch manifest yocto-queue@^0.1.0
814 silly packumentCache full:https://registry.npmjs.org/yocto-queue cache-miss
815 http fetch GET 200 https://registry.npmjs.org/yocto-queue 37ms (cache miss)
816 silly packumentCache full:https://registry.npmjs.org/yocto-queue set size:undefined disposed:false
817 silly placeDep ROOT yocto-queue@0.1.0 OK for: p-limit@3.1.0 want: ^0.1.0
818 silly placeDep ROOT scheduler@0.27.0 OK for: react-dom@19.2.6 want: ^0.27.0
819 silly placeDep ROOT shebang-regex@3.0.0 OK for: shebang-command@2.0.0 want: ^3.0.0
820 silly fetch manifest eslint@^8.57.0 || ^9.0.0 || ^10.0.0
821 silly packumentCache full:https://registry.npmjs.org/eslint cache-miss
822 http cache https://registry.npmjs.org/eslint 5ms (cache hit)
823 silly packumentCache full:https://registry.npmjs.org/eslint set size:1990528 disposed:false
824 silly fetch manifest typescript@>=4.8.4 <6.1.0
825 silly packumentCache full:https://registry.npmjs.org/typescript cache-miss
826 http cache https://registry.npmjs.org/typescript 16ms (cache hit)
827 silly packumentCache full:https://registry.npmjs.org/typescript set size:15409943 disposed:false
828 silly placeDep ROOT @typescript-eslint/eslint-plugin@8.59.2 OK for: typescript-eslint@8.59.2 want: 8.59.2
829 silly placeDep ROOT @typescript-eslint/parser@8.59.2 OK for: @typescript-eslint/eslint-plugin@8.59.2 want: ^8.59.2
830 silly placeDep ROOT @typescript-eslint/typescript-estree@8.59.2 OK for: typescript-eslint@8.59.2 want: 8.59.2
831 silly placeDep ROOT @typescript-eslint/utils@8.59.2 OK for: typescript-eslint@8.59.2 want: 8.59.2
832 silly fetch manifest ignore@^7.0.5
833 silly packumentCache full:https://registry.npmjs.org/ignore cache-miss
834 silly fetch manifest ts-api-utils@^2.5.0
835 silly packumentCache full:https://registry.npmjs.org/ts-api-utils cache-miss
836 silly fetch manifest @typescript-eslint/type-utils@8.59.2
837 silly packumentCache full:https://registry.npmjs.org/@typescript-eslint%2ftype-utils cache-miss
838 silly fetch manifest @typescript-eslint/visitor-keys@8.59.2
839 silly packumentCache full:https://registry.npmjs.org/@typescript-eslint%2fvisitor-keys cache-miss
840 silly fetch manifest @typescript-eslint/scope-manager@8.59.2
841 silly packumentCache full:https://registry.npmjs.org/@typescript-eslint%2fscope-manager cache-miss
842 silly fetch manifest @typescript-eslint/types@8.59.2
843 silly packumentCache full:https://registry.npmjs.org/@typescript-eslint%2ftypes cache-miss
844 silly fetch manifest @typescript-eslint/visitor-keys@8.59.2
845 silly packumentCache full:https://registry.npmjs.org/@typescript-eslint%2fvisitor-keys cache-miss
846 http cache https://registry.npmjs.org/ignore 4ms (cache hit)
847 silly packumentCache full:https://registry.npmjs.org/ignore set size:237380 disposed:false
848 silly fetch manifest @typescript-eslint/scope-manager@8.59.2
849 silly packumentCache full:https://registry.npmjs.org/@typescript-eslint%2fscope-manager cache-miss
850 http fetch GET 200 https://registry.npmjs.org/ts-api-utils 40ms (cache miss)
851 silly packumentCache full:https://registry.npmjs.org/ts-api-utils set size:undefined disposed:false
852 silly fetch manifest semver@^7.7.3
853 silly packumentCache full:https://registry.npmjs.org/semver cache-miss
854 http cache https://registry.npmjs.org/semver 2ms (cache hit)
855 silly packumentCache full:https://registry.npmjs.org/semver set size:229571 disposed:false
856 silly fetch manifest tinyglobby@^0.2.15
857 silly packumentCache full:https://registry.npmjs.org/tinyglobby cache-miss
858 http cache https://registry.npmjs.org/tinyglobby 2ms (cache hit)
859 silly packumentCache full:https://registry.npmjs.org/tinyglobby set size:52660 disposed:false
860 silly fetch manifest @typescript-eslint/types@8.59.2
861 silly packumentCache full:https://registry.npmjs.org/@typescript-eslint%2ftypes cache-miss
862 http fetch GET 200 https://registry.npmjs.org/@typescript-eslint%2ftype-utils 251ms (cache miss)
863 silly packumentCache full:https://registry.npmjs.org/@typescript-eslint%2ftype-utils set size:undefined disposed:false
864 silly fetch manifest @typescript-eslint/visitor-keys@8.59.2
865 silly packumentCache full:https://registry.npmjs.org/@typescript-eslint%2fvisitor-keys cache-miss
866 http fetch GET 200 https://registry.npmjs.org/@typescript-eslint%2fvisitor-keys 359ms (cache miss)
867 silly packumentCache full:https://registry.npmjs.org/@typescript-eslint%2fvisitor-keys set size:undefined disposed:false
868 silly fetch manifest @typescript-eslint/tsconfig-utils@8.59.2
869 silly packumentCache full:https://registry.npmjs.org/@typescript-eslint%2ftsconfig-utils cache-miss
870 http fetch GET 200 https://registry.npmjs.org/@typescript-eslint%2ftypes 425ms (cache miss)
871 silly packumentCache full:https://registry.npmjs.org/@typescript-eslint%2ftypes set size:undefined disposed:false
872 silly fetch manifest @typescript-eslint/project-service@8.59.2
873 silly packumentCache full:https://registry.npmjs.org/@typescript-eslint%2fproject-service cache-miss
874 http fetch GET 200 https://registry.npmjs.org/@typescript-eslint%2ftypes 467ms (cache miss)
875 silly packumentCache full:https://registry.npmjs.org/@typescript-eslint%2ftypes set size:undefined disposed:false
876 silly fetch manifest @typescript-eslint/scope-manager@8.59.2
877 silly packumentCache full:https://registry.npmjs.org/@typescript-eslint%2fscope-manager cache-miss
878 http fetch GET 200 https://registry.npmjs.org/@typescript-eslint%2ftsconfig-utils 157ms (cache miss)
879 silly packumentCache full:https://registry.npmjs.org/@typescript-eslint%2ftsconfig-utils set size:undefined disposed:false
880 http fetch GET 200 https://registry.npmjs.org/@typescript-eslint%2fscope-manager 587ms (cache miss)
881 silly packumentCache full:https://registry.npmjs.org/@typescript-eslint%2fscope-manager set size:undefined disposed:false
882 http fetch GET 200 https://registry.npmjs.org/@typescript-eslint%2fproject-service 161ms (cache miss)
883 silly packumentCache full:https://registry.npmjs.org/@typescript-eslint%2fproject-service set size:undefined disposed:false
884 http fetch GET 200 https://registry.npmjs.org/@typescript-eslint%2fvisitor-keys 670ms (cache miss)
885 silly packumentCache full:https://registry.npmjs.org/@typescript-eslint%2fvisitor-keys set size:undefined disposed:false
886 http fetch GET 200 https://registry.npmjs.org/@typescript-eslint%2fscope-manager 721ms (cache miss)
887 silly packumentCache full:https://registry.npmjs.org/@typescript-eslint%2fscope-manager set size:undefined disposed:false
888 http fetch GET 200 https://registry.npmjs.org/@typescript-eslint%2fvisitor-keys 526ms (cache miss)
889 silly packumentCache full:https://registry.npmjs.org/@typescript-eslint%2fvisitor-keys set size:undefined disposed:false
890 http fetch GET 200 https://registry.npmjs.org/@typescript-eslint%2fscope-manager 321ms (cache miss)
891 silly packumentCache full:https://registry.npmjs.org/@typescript-eslint%2fscope-manager set size:undefined disposed:false
892 silly placeDep ROOT @typescript-eslint/scope-manager@8.59.2 OK for: @typescript-eslint/eslint-plugin@8.59.2 want: 8.59.2
893 silly placeDep ROOT @typescript-eslint/type-utils@8.59.2 OK for: @typescript-eslint/eslint-plugin@8.59.2 want: 8.59.2
894 silly placeDep ROOT @typescript-eslint/visitor-keys@8.59.2 OK for: @typescript-eslint/eslint-plugin@8.59.2 want: 8.59.2
895 silly placeDep node_modules/@typescript-eslint/eslint-plugin ignore@7.0.5 OK for: @typescript-eslint/eslint-plugin@8.59.2 want: ^7.0.5
896 silly placeDep ROOT ts-api-utils@2.5.0 OK for: @typescript-eslint/eslint-plugin@8.59.2 want: ^2.5.0
897 silly placeDep ROOT @typescript-eslint/types@8.59.2 OK for: @typescript-eslint/parser@8.59.2 want: 8.59.2
898 silly placeDep ROOT @typescript-eslint/project-service@8.59.2 OK for: @typescript-eslint/typescript-estree@8.59.2 want: 8.59.2
899 silly placeDep ROOT @typescript-eslint/tsconfig-utils@8.59.2 OK for: @typescript-eslint/typescript-estree@8.59.2 want: 8.59.2
900 silly placeDep node_modules/@typescript-eslint/typescript-estree semver@7.7.4 OK for: @typescript-eslint/typescript-estree@8.59.2 want: ^7.7.3
901 silly placeDep ROOT tinyglobby@0.2.16 OK for: @typescript-eslint/typescript-estree@8.59.2 want: ^0.2.15
902 silly fetch manifest @typescript-eslint/tsconfig-utils@^8.59.2
903 silly packumentCache full:https://registry.npmjs.org/@typescript-eslint%2ftsconfig-utils cache-miss
904 silly fetch manifest fdir@^6.5.0
905 silly packumentCache full:https://registry.npmjs.org/fdir cache-miss
906 http cache https://registry.npmjs.org/@typescript-eslint%2ftsconfig-utils 4ms (cache hit)
907 silly packumentCache full:https://registry.npmjs.org/@typescript-eslint%2ftsconfig-utils set size:1198031 disposed:false
908 http fetch GET 200 https://registry.npmjs.org/fdir 45ms (cache miss)
909 silly packumentCache full:https://registry.npmjs.org/fdir set size:undefined disposed:false
910 silly placeDep ROOT fdir@6.5.0 OK for: tinyglobby@0.2.16 want: ^6.5.0
911 silly placeDep ROOT picomatch@4.0.4 OK for: tinyglobby@0.2.16 want: ^4.0.4
912 silly placeDep ROOT escalade@3.2.0 OK for: update-browserslist-db@1.2.3 want: ^3.2.0
913 silly placeDep ROOT punycode@2.3.1 OK for: uri-js@4.4.1 want: ^2.1.0
914 silly placeDep ROOT fsevents@2.3.3 OK for: vite@8.0.10 want: ~2.3.3
915 silly placeDep ROOT lightningcss@1.32.0 OK for: vite@8.0.10 want: ^1.32.0
916 silly placeDep ROOT postcss@8.5.14 OK for: vite@8.0.10 want: ^8.5.10
917 silly placeDep ROOT rolldown@1.0.0-rc.17 OK for: vite@8.0.10 want: 1.0.0-rc.17
918 silly fetch manifest detect-libc@^2.0.3
919 silly packumentCache full:https://registry.npmjs.org/detect-libc cache-miss
920 silly fetch manifest lightningcss-darwin-x64@1.32.0
921 silly packumentCache full:https://registry.npmjs.org/lightningcss-darwin-x64 cache-miss
922 silly fetch manifest lightningcss-linux-x64-gnu@1.32.0
923 silly packumentCache full:https://registry.npmjs.org/lightningcss-linux-x64-gnu cache-miss
924 silly fetch manifest lightningcss-win32-x64-msvc@1.32.0
925 silly packumentCache full:https://registry.npmjs.org/lightningcss-win32-x64-msvc cache-miss
926 silly fetch manifest lightningcss-win32-arm64-msvc@1.32.0
927 silly packumentCache full:https://registry.npmjs.org/lightningcss-win32-arm64-msvc cache-miss
928 silly fetch manifest lightningcss-darwin-arm64@1.32.0
929 silly packumentCache full:https://registry.npmjs.org/lightningcss-darwin-arm64 cache-miss
930 silly fetch manifest lightningcss-linux-arm64-gnu@1.32.0
931 silly packumentCache full:https://registry.npmjs.org/lightningcss-linux-arm64-gnu cache-miss
932 http fetch GET 200 https://registry.npmjs.org/detect-libc 30ms (cache miss)
933 silly packumentCache full:https://registry.npmjs.org/detect-libc set size:undefined disposed:false
934 silly fetch manifest lightningcss-linux-arm-gnueabihf@1.32.0
935 silly packumentCache full:https://registry.npmjs.org/lightningcss-linux-arm-gnueabihf cache-miss
936 http fetch GET 200 https://registry.npmjs.org/lightningcss-win32-arm64-msvc 33ms (cache miss)
937 silly packumentCache full:https://registry.npmjs.org/lightningcss-win32-arm64-msvc set size:undefined disposed:false
938 silly fetch manifest lightningcss-linux-arm64-musl@1.32.0
939 silly packumentCache full:https://registry.npmjs.org/lightningcss-linux-arm64-musl cache-miss
940 http fetch GET 200 https://registry.npmjs.org/lightningcss-darwin-x64 36ms (cache miss)
941 silly packumentCache full:https://registry.npmjs.org/lightningcss-darwin-x64 set size:undefined disposed:false
942 silly fetch manifest lightningcss-linux-x64-musl@1.32.0
943 silly packumentCache full:https://registry.npmjs.org/lightningcss-linux-x64-musl cache-miss
944 http fetch GET 200 https://registry.npmjs.org/lightningcss-win32-x64-msvc 42ms (cache miss)
945 silly packumentCache full:https://registry.npmjs.org/lightningcss-win32-x64-msvc set size:undefined disposed:false
946 silly fetch manifest lightningcss-freebsd-x64@1.32.0
947 silly packumentCache full:https://registry.npmjs.org/lightningcss-freebsd-x64 cache-miss
948 http fetch GET 200 https://registry.npmjs.org/lightningcss-darwin-arm64 43ms (cache miss)
949 silly packumentCache full:https://registry.npmjs.org/lightningcss-darwin-arm64 set size:undefined disposed:false
950 silly fetch manifest lightningcss-android-arm64@1.32.0
951 silly packumentCache full:https://registry.npmjs.org/lightningcss-android-arm64 cache-miss
952 http fetch GET 200 https://registry.npmjs.org/lightningcss-linux-arm64-gnu 44ms (cache miss)
953 silly packumentCache full:https://registry.npmjs.org/lightningcss-linux-arm64-gnu set size:undefined disposed:false
954 silly fetch manifest nanoid@^3.3.11
955 silly packumentCache full:https://registry.npmjs.org/nanoid cache-miss
956 http fetch GET 200 https://registry.npmjs.org/lightningcss-linux-x64-gnu 54ms (cache miss)
957 silly packumentCache full:https://registry.npmjs.org/lightningcss-linux-x64-gnu set size:undefined disposed:false
958 silly fetch manifest source-map-js@^1.2.1
959 silly packumentCache full:https://registry.npmjs.org/source-map-js cache-miss
960 http fetch GET 200 https://registry.npmjs.org/lightningcss-android-arm64 57ms (cache miss)
961 silly packumentCache full:https://registry.npmjs.org/lightningcss-android-arm64 set size:undefined disposed:false
962 silly fetch manifest @oxc-project/types@=0.127.0
963 silly packumentCache full:https://registry.npmjs.org/@oxc-project%2ftypes cache-miss
964 http fetch GET 200 https://registry.npmjs.org/lightningcss-freebsd-x64 59ms (cache miss)
965 silly packumentCache full:https://registry.npmjs.org/lightningcss-freebsd-x64 set size:undefined disposed:false
966 silly fetch manifest @rolldown/pluginutils@1.0.0-rc.17
967 silly packumentCache full:https://registry.npmjs.org/@rolldown%2fpluginutils cache-miss
968 http fetch GET 200 https://registry.npmjs.org/lightningcss-linux-arm-gnueabihf 72ms (cache miss)
969 silly packumentCache full:https://registry.npmjs.org/lightningcss-linux-arm-gnueabihf set size:undefined disposed:false
970 silly fetch manifest @rolldown/binding-darwin-x64@1.0.0-rc.17
971 silly packumentCache full:https://registry.npmjs.org/@rolldown%2fbinding-darwin-x64 cache-miss
972 http fetch GET 200 https://registry.npmjs.org/lightningcss-linux-arm64-musl 70ms (cache miss)
973 silly packumentCache full:https://registry.npmjs.org/lightningcss-linux-arm64-musl set size:undefined disposed:false
974 silly fetch manifest @rolldown/binding-freebsd-x64@1.0.0-rc.17
975 silly packumentCache full:https://registry.npmjs.org/@rolldown%2fbinding-freebsd-x64 cache-miss
976 http fetch GET 200 https://registry.npmjs.org/lightningcss-linux-x64-musl 68ms (cache miss)
977 silly packumentCache full:https://registry.npmjs.org/lightningcss-linux-x64-musl set size:undefined disposed:false
978 silly fetch manifest @rolldown/binding-wasm32-wasi@1.0.0-rc.17
979 silly packumentCache full:https://registry.npmjs.org/@rolldown%2fbinding-wasm32-wasi cache-miss
980 http fetch GET 200 https://registry.npmjs.org/source-map-js 49ms (cache miss)
981 silly packumentCache full:https://registry.npmjs.org/source-map-js set size:undefined disposed:false
982 silly fetch manifest @rolldown/binding-darwin-arm64@1.0.0-rc.17
983 silly packumentCache full:https://registry.npmjs.org/@rolldown%2fbinding-darwin-arm64 cache-miss
984 http cache https://registry.npmjs.org/@rolldown%2fpluginutils 8ms (cache hit)
985 silly packumentCache full:https://registry.npmjs.org/@rolldown%2fpluginutils set size:291991 disposed:false
986 silly fetch manifest @rolldown/binding-android-arm64@1.0.0-rc.17
987 silly packumentCache full:https://registry.npmjs.org/@rolldown%2fbinding-android-arm64 cache-miss
988 http fetch GET 200 https://registry.npmjs.org/nanoid 67ms (cache miss)
989 silly packumentCache full:https://registry.npmjs.org/nanoid set size:undefined disposed:false
990 silly fetch manifest @rolldown/binding-linux-x64-gnu@1.0.0-rc.17
991 silly packumentCache full:https://registry.npmjs.org/@rolldown%2fbinding-linux-x64-gnu cache-miss
992 http fetch GET 200 https://registry.npmjs.org/@oxc-project%2ftypes 49ms (cache miss)
993 silly packumentCache full:https://registry.npmjs.org/@oxc-project%2ftypes set size:undefined disposed:false
994 silly fetch manifest @rolldown/binding-linux-x64-musl@1.0.0-rc.17
995 silly packumentCache full:https://registry.npmjs.org/@rolldown%2fbinding-linux-x64-musl cache-miss
996 http fetch GET 200 https://registry.npmjs.org/@rolldown%2fbinding-android-arm64 56ms (cache miss)
997 silly packumentCache full:https://registry.npmjs.org/@rolldown%2fbinding-android-arm64 set size:undefined disposed:false
998 silly fetch manifest @rolldown/binding-win32-x64-msvc@1.0.0-rc.17
999 silly packumentCache full:https://registry.npmjs.org/@rolldown%2fbinding-win32-x64-msvc cache-miss
1000 http fetch GET 200 https://registry.npmjs.org/@rolldown%2fbinding-freebsd-x64 68ms (cache miss)
1001 silly packumentCache full:https://registry.npmjs.org/@rolldown%2fbinding-freebsd-x64 set size:undefined disposed:false
1002 silly fetch manifest @rolldown/binding-linux-arm64-gnu@1.0.0-rc.17
1003 silly packumentCache full:https://registry.npmjs.org/@rolldown%2fbinding-linux-arm64-gnu cache-miss
1004 http fetch GET 200 https://registry.npmjs.org/@rolldown%2fbinding-darwin-x64 102ms (cache miss)
1005 silly packumentCache full:https://registry.npmjs.org/@rolldown%2fbinding-darwin-x64 set size:undefined disposed:false
1006 silly fetch manifest @rolldown/binding-linux-ppc64-gnu@1.0.0-rc.17
1007 silly packumentCache full:https://registry.npmjs.org/@rolldown%2fbinding-linux-ppc64-gnu cache-miss
1008 http fetch GET 200 https://registry.npmjs.org/@rolldown%2fbinding-wasm32-wasi 108ms (cache miss)
1009 silly packumentCache full:https://registry.npmjs.org/@rolldown%2fbinding-wasm32-wasi set size:undefined disposed:false
1010 silly fetch manifest @rolldown/binding-linux-s390x-gnu@1.0.0-rc.17
1011 silly packumentCache full:https://registry.npmjs.org/@rolldown%2fbinding-linux-s390x-gnu cache-miss
1012 http fetch GET 200 https://registry.npmjs.org/@rolldown%2fbinding-darwin-arm64 115ms (cache miss)
1013 silly packumentCache full:https://registry.npmjs.org/@rolldown%2fbinding-darwin-arm64 set size:undefined disposed:false
1014 silly fetch manifest @rolldown/binding-linux-arm64-musl@1.0.0-rc.17
1015 silly packumentCache full:https://registry.npmjs.org/@rolldown%2fbinding-linux-arm64-musl cache-miss
1016 http fetch GET 200 https://registry.npmjs.org/@rolldown%2fbinding-linux-x64-gnu 130ms (cache miss)
1017 silly packumentCache full:https://registry.npmjs.org/@rolldown%2fbinding-linux-x64-gnu set size:undefined disposed:false
1018 silly fetch manifest @rolldown/binding-win32-arm64-msvc@1.0.0-rc.17
1019 silly packumentCache full:https://registry.npmjs.org/@rolldown%2fbinding-win32-arm64-msvc cache-miss
1020 http fetch GET 200 https://registry.npmjs.org/@rolldown%2fbinding-linux-x64-musl 99ms (cache miss)
1021 silly packumentCache full:https://registry.npmjs.org/@rolldown%2fbinding-linux-x64-musl set size:undefined disposed:false
1022 silly fetch manifest @rolldown/binding-openharmony-arm64@1.0.0-rc.17
1023 silly packumentCache full:https://registry.npmjs.org/@rolldown%2fbinding-openharmony-arm64 cache-miss
1024 http fetch GET 200 https://registry.npmjs.org/@rolldown%2fbinding-win32-x64-msvc 97ms (cache miss)
1025 silly packumentCache full:https://registry.npmjs.org/@rolldown%2fbinding-win32-x64-msvc set size:undefined disposed:false
1026 silly fetch manifest @rolldown/binding-linux-arm-gnueabihf@1.0.0-rc.17
1027 silly packumentCache full:https://registry.npmjs.org/@rolldown%2fbinding-linux-arm-gnueabihf cache-miss
1028 http fetch GET 200 https://registry.npmjs.org/@rolldown%2fbinding-linux-arm64-gnu 93ms (cache miss)
1029 silly packumentCache full:https://registry.npmjs.org/@rolldown%2fbinding-linux-arm64-gnu set size:undefined disposed:false
1030 http fetch GET 200 https://registry.npmjs.org/@rolldown%2fbinding-linux-s390x-gnu 75ms (cache miss)
1031 silly packumentCache full:https://registry.npmjs.org/@rolldown%2fbinding-linux-s390x-gnu set size:undefined disposed:false
1032 http fetch GET 200 https://registry.npmjs.org/@rolldown%2fbinding-linux-ppc64-gnu 85ms (cache miss)
1033 silly packumentCache full:https://registry.npmjs.org/@rolldown%2fbinding-linux-ppc64-gnu set size:undefined disposed:false
1034 http fetch GET 200 https://registry.npmjs.org/@rolldown%2fbinding-linux-arm64-musl 75ms (cache miss)
1035 silly packumentCache full:https://registry.npmjs.org/@rolldown%2fbinding-linux-arm64-musl set size:undefined disposed:false
1036 http fetch GET 200 https://registry.npmjs.org/@rolldown%2fbinding-openharmony-arm64 55ms (cache miss)
1037 silly packumentCache full:https://registry.npmjs.org/@rolldown%2fbinding-openharmony-arm64 set size:undefined disposed:false
1038 http fetch GET 200 https://registry.npmjs.org/@rolldown%2fbinding-win32-arm64-msvc 89ms (cache miss)
1039 silly packumentCache full:https://registry.npmjs.org/@rolldown%2fbinding-win32-arm64-msvc set size:undefined disposed:false
1040 http fetch GET 200 https://registry.npmjs.org/@rolldown%2fbinding-linux-arm-gnueabihf 89ms (cache miss)
1041 silly packumentCache full:https://registry.npmjs.org/@rolldown%2fbinding-linux-arm-gnueabihf set size:undefined disposed:false
1042 silly placeDep ROOT detect-libc@2.1.2 OK for: lightningcss@1.32.0 want: ^2.0.3
1043 silly placeDep ROOT lightningcss-android-arm64@1.32.0 OK for: lightningcss@1.32.0 want: 1.32.0
1044 silly placeDep ROOT lightningcss-darwin-arm64@1.32.0 OK for: lightningcss@1.32.0 want: 1.32.0
1045 silly placeDep ROOT lightningcss-darwin-x64@1.32.0 OK for: lightningcss@1.32.0 want: 1.32.0
1046 silly placeDep ROOT lightningcss-freebsd-x64@1.32.0 OK for: lightningcss@1.32.0 want: 1.32.0
1047 silly placeDep ROOT lightningcss-linux-arm-gnueabihf@1.32.0 OK for: lightningcss@1.32.0 want: 1.32.0
1048 silly placeDep ROOT lightningcss-linux-arm64-gnu@1.32.0 OK for: lightningcss@1.32.0 want: 1.32.0
1049 silly placeDep ROOT lightningcss-linux-arm64-musl@1.32.0 OK for: lightningcss@1.32.0 want: 1.32.0
1050 silly placeDep ROOT lightningcss-linux-x64-gnu@1.32.0 OK for: lightningcss@1.32.0 want: 1.32.0
1051 silly placeDep ROOT lightningcss-linux-x64-musl@1.32.0 OK for: lightningcss@1.32.0 want: 1.32.0
1052 silly placeDep ROOT lightningcss-win32-arm64-msvc@1.32.0 OK for: lightningcss@1.32.0 want: 1.32.0
1053 silly placeDep ROOT lightningcss-win32-x64-msvc@1.32.0 OK for: lightningcss@1.32.0 want: 1.32.0
1054 silly placeDep ROOT nanoid@3.3.12 OK for: postcss@8.5.14 want: ^3.3.11
1055 silly placeDep ROOT source-map-js@1.2.1 OK for: postcss@8.5.14 want: ^1.2.1
1056 silly placeDep ROOT @oxc-project/types@0.127.0 OK for: rolldown@1.0.0-rc.17 want: =0.127.0
1057 silly placeDep ROOT @rolldown/binding-android-arm64@1.0.0-rc.17 OK for: rolldown@1.0.0-rc.17 want: 1.0.0-rc.17
1058 silly placeDep ROOT @rolldown/binding-darwin-arm64@1.0.0-rc.17 OK for: rolldown@1.0.0-rc.17 want: 1.0.0-rc.17
1059 silly placeDep ROOT @rolldown/binding-darwin-x64@1.0.0-rc.17 OK for: rolldown@1.0.0-rc.17 want: 1.0.0-rc.17
1060 silly placeDep ROOT @rolldown/binding-freebsd-x64@1.0.0-rc.17 OK for: rolldown@1.0.0-rc.17 want: 1.0.0-rc.17
1061 silly placeDep ROOT @rolldown/binding-linux-arm-gnueabihf@1.0.0-rc.17 OK for: rolldown@1.0.0-rc.17 want: 1.0.0-rc.17
1062 silly placeDep ROOT @rolldown/binding-linux-arm64-gnu@1.0.0-rc.17 OK for: rolldown@1.0.0-rc.17 want: 1.0.0-rc.17
1063 silly placeDep ROOT @rolldown/binding-linux-arm64-musl@1.0.0-rc.17 OK for: rolldown@1.0.0-rc.17 want: 1.0.0-rc.17
1064 silly placeDep ROOT @rolldown/binding-linux-ppc64-gnu@1.0.0-rc.17 OK for: rolldown@1.0.0-rc.17 want: 1.0.0-rc.17
1065 silly placeDep ROOT @rolldown/binding-linux-s390x-gnu@1.0.0-rc.17 OK for: rolldown@1.0.0-rc.17 want: 1.0.0-rc.17
1066 silly placeDep ROOT @rolldown/binding-linux-x64-gnu@1.0.0-rc.17 OK for: rolldown@1.0.0-rc.17 want: 1.0.0-rc.17
1067 silly placeDep ROOT @rolldown/binding-linux-x64-musl@1.0.0-rc.17 OK for: rolldown@1.0.0-rc.17 want: 1.0.0-rc.17
1068 silly placeDep ROOT @rolldown/binding-openharmony-arm64@1.0.0-rc.17 OK for: rolldown@1.0.0-rc.17 want: 1.0.0-rc.17
1069 silly placeDep ROOT @rolldown/binding-wasm32-wasi@1.0.0-rc.17 OK for: rolldown@1.0.0-rc.17 want: 1.0.0-rc.17
1070 silly placeDep ROOT @rolldown/binding-win32-arm64-msvc@1.0.0-rc.17 OK for: rolldown@1.0.0-rc.17 want: 1.0.0-rc.17
1071 silly placeDep ROOT @rolldown/binding-win32-x64-msvc@1.0.0-rc.17 OK for: rolldown@1.0.0-rc.17 want: 1.0.0-rc.17
1072 silly placeDep node_modules/rolldown @rolldown/pluginutils@1.0.0-rc.17 OK for: rolldown@1.0.0-rc.17 want: 1.0.0-rc.17
1073 silly fetch manifest @emnapi/core@1.10.0
1074 silly packumentCache full:https://registry.npmjs.org/@emnapi%2fcore cache-miss
1075 silly fetch manifest @emnapi/runtime@1.10.0
1076 silly packumentCache full:https://registry.npmjs.org/@emnapi%2fruntime cache-miss
1077 silly fetch manifest @napi-rs/wasm-runtime@^1.1.4
1078 silly packumentCache full:https://registry.npmjs.org/@napi-rs%2fwasm-runtime cache-miss
1079 http fetch GET 200 https://registry.npmjs.org/@emnapi%2fcore 45ms (cache miss)
1080 silly packumentCache full:https://registry.npmjs.org/@emnapi%2fcore set size:undefined disposed:false
1081 http fetch GET 200 https://registry.npmjs.org/@napi-rs%2fwasm-runtime 49ms (cache miss)
1082 silly packumentCache full:https://registry.npmjs.org/@napi-rs%2fwasm-runtime set size:undefined disposed:false
1083 http fetch GET 200 https://registry.npmjs.org/@emnapi%2fruntime 52ms (cache miss)
1084 silly packumentCache full:https://registry.npmjs.org/@emnapi%2fruntime set size:undefined disposed:false
1085 silly placeDep ROOT @emnapi/core@1.10.0 OK for: @rolldown/binding-wasm32-wasi@1.0.0-rc.17 want: 1.10.0
1086 silly placeDep ROOT @emnapi/runtime@1.10.0 OK for: @rolldown/binding-wasm32-wasi@1.0.0-rc.17 want: 1.10.0
1087 silly placeDep ROOT @napi-rs/wasm-runtime@1.1.4 OK for: @rolldown/binding-wasm32-wasi@1.0.0-rc.17 want: ^1.1.4
1088 silly fetch manifest @emnapi/wasi-threads@1.2.1
1089 silly packumentCache full:https://registry.npmjs.org/@emnapi%2fwasi-threads cache-miss
1090 silly fetch manifest tslib@^2.4.0
1091 silly packumentCache full:https://registry.npmjs.org/tslib cache-miss
1092 silly fetch manifest tslib@^2.4.0
1093 silly packumentCache full:https://registry.npmjs.org/tslib cache-miss
1094 silly fetch manifest @tybys/wasm-util@^0.10.1
1095 silly packumentCache full:https://registry.npmjs.org/@tybys%2fwasm-util cache-miss
1096 http fetch GET 200 https://registry.npmjs.org/tslib 36ms (cache miss)
1097 silly packumentCache full:https://registry.npmjs.org/tslib set size:undefined disposed:false
1098 http fetch GET 200 https://registry.npmjs.org/tslib 37ms (cache miss)
1099 silly packumentCache full:https://registry.npmjs.org/tslib set size:undefined disposed:false
1100 http fetch GET 200 https://registry.npmjs.org/@emnapi%2fwasi-threads 45ms (cache miss)
1101 silly packumentCache full:https://registry.npmjs.org/@emnapi%2fwasi-threads set size:undefined disposed:false
1102 http fetch GET 200 https://registry.npmjs.org/@tybys%2fwasm-util 58ms (cache miss)
1103 silly packumentCache full:https://registry.npmjs.org/@tybys%2fwasm-util set size:undefined disposed:false
1104 silly placeDep ROOT @emnapi/wasi-threads@1.2.1 OK for: @emnapi/core@1.10.0 want: 1.2.1
1105 silly placeDep ROOT tslib@2.8.1 OK for: @emnapi/core@1.10.0 want: ^2.4.0
1106 silly placeDep ROOT @tybys/wasm-util@0.10.2 OK for: @napi-rs/wasm-runtime@1.1.4 want: ^0.10.1
1107 silly placeDep ROOT isexe@2.0.0 OK for: which@2.0.2 want: ^2.0.0
1108 warn EBADENGINE Unsupported engine {
1108 warn EBADENGINE   package: '@eslint/js@10.0.1',
1108 warn EBADENGINE   required: { node: '^20.19.0 || ^22.13.0 || >=24' },
1108 warn EBADENGINE   current: { node: 'v23.7.0', npm: '10.9.2' }
1108 warn EBADENGINE }
1109 warn EBADENGINE Unsupported engine {
1109 warn EBADENGINE   package: 'eslint@10.3.0',
1109 warn EBADENGINE   required: { node: '^20.19.0 || ^22.13.0 || >=24' },
1109 warn EBADENGINE   current: { node: 'v23.7.0', npm: '10.9.2' }
1109 warn EBADENGINE }
1110 warn EBADENGINE Unsupported engine {
1110 warn EBADENGINE   package: '@eslint/config-array@0.23.5',
1110 warn EBADENGINE   required: { node: '^20.19.0 || ^22.13.0 || >=24' },
1110 warn EBADENGINE   current: { node: 'v23.7.0', npm: '10.9.2' }
1110 warn EBADENGINE }
1111 warn EBADENGINE Unsupported engine {
1111 warn EBADENGINE   package: '@eslint/config-helpers@0.5.5',
1111 warn EBADENGINE   required: { node: '^20.19.0 || ^22.13.0 || >=24' },
1111 warn EBADENGINE   current: { node: 'v23.7.0', npm: '10.9.2' }
1111 warn EBADENGINE }
1112 warn EBADENGINE Unsupported engine {
1112 warn EBADENGINE   package: '@eslint/core@1.2.1',
1112 warn EBADENGINE   required: { node: '^20.19.0 || ^22.13.0 || >=24' },
1112 warn EBADENGINE   current: { node: 'v23.7.0', npm: '10.9.2' }
1112 warn EBADENGINE }
1113 warn EBADENGINE Unsupported engine {
1113 warn EBADENGINE   package: '@eslint/plugin-kit@0.7.1',
1113 warn EBADENGINE   required: { node: '^20.19.0 || ^22.13.0 || >=24' },
1113 warn EBADENGINE   current: { node: 'v23.7.0', npm: '10.9.2' }
1113 warn EBADENGINE }
1114 warn EBADENGINE Unsupported engine {
1114 warn EBADENGINE   package: 'eslint-scope@9.1.2',
1114 warn EBADENGINE   required: { node: '^20.19.0 || ^22.13.0 || >=24' },
1114 warn EBADENGINE   current: { node: 'v23.7.0', npm: '10.9.2' }
1114 warn EBADENGINE }
1115 warn EBADENGINE Unsupported engine {
1115 warn EBADENGINE   package: 'eslint-visitor-keys@5.0.1',
1115 warn EBADENGINE   required: { node: '^20.19.0 || ^22.13.0 || >=24' },
1115 warn EBADENGINE   current: { node: 'v23.7.0', npm: '10.9.2' }
1115 warn EBADENGINE }
1116 warn EBADENGINE Unsupported engine {
1116 warn EBADENGINE   package: 'espree@11.2.0',
1116 warn EBADENGINE   required: { node: '^20.19.0 || ^22.13.0 || >=24' },
1116 warn EBADENGINE   current: { node: 'v23.7.0', npm: '10.9.2' }
1116 warn EBADENGINE }
1117 warn EBADENGINE Unsupported engine {
1117 warn EBADENGINE   package: '@eslint/object-schema@3.0.5',
1117 warn EBADENGINE   required: { node: '^20.19.0 || ^22.13.0 || >=24' },
1117 warn EBADENGINE   current: { node: 'v23.7.0', npm: '10.9.2' }
1117 warn EBADENGINE }
1118 silly reify moves {}
1119 silly audit bulk request {
1119 silly audit   '@eslint/js': [ '10.0.1' ],
1119 silly audit   '@types/node': [ '24.12.2' ],
1119 silly audit   '@types/react': [ '19.2.14' ],
1119 silly audit   '@types/react-dom': [ '19.2.3' ],
1119 silly audit   '@vitejs/plugin-react': [ '6.0.1' ],
1119 silly audit   vite: [ '8.0.10' ],
1119 silly audit   eslint: [ '10.3.0' ],
1119 silly audit   'eslint-plugin-react-hooks': [ '7.1.1' ],
1119 silly audit   'eslint-plugin-react-refresh': [ '0.5.2' ],
1119 silly audit   globals: [ '17.6.0' ],
1119 silly audit   react: [ '19.2.6' ],
1119 silly audit   'react-dom': [ '19.2.6' ],
1119 silly audit   typescript: [ '6.0.3' ],
1119 silly audit   'typescript-eslint': [ '8.59.2' ],
1119 silly audit   'undici-types': [ '7.16.0' ],
1119 silly audit   csstype: [ '3.2.3' ],
1119 silly audit   '@rolldown/pluginutils': [ '1.0.0-rc.7', '1.0.0-rc.17' ],
1119 silly audit   '@eslint-community/eslint-utils': [ '4.9.1' ],
1119 silly audit   '@eslint-community/regexpp': [ '4.12.2' ],
1119 silly audit   '@eslint/config-array': [ '0.23.5' ],
1119 silly audit   '@eslint/config-helpers': [ '0.5.5' ],
1119 silly audit   '@eslint/core': [ '1.2.1' ],
1119 silly audit   '@eslint/plugin-kit': [ '0.7.1' ],
1119 silly audit   '@humanfs/node': [ '0.16.8' ],
1119 silly audit   '@humanwhocodes/module-importer': [ '1.0.1' ],
1119 silly audit   '@humanwhocodes/retry': [ '0.4.3' ],
1119 silly audit   '@types/estree': [ '1.0.8' ],
1119 silly audit   ajv: [ '6.15.0' ],
1119 silly audit   'cross-spawn': [ '7.0.6' ],
1119 silly audit   debug: [ '4.4.3' ],
1119 silly audit   'escape-string-regexp': [ '4.0.0' ],
1119 silly audit   'eslint-scope': [ '9.1.2' ],
1119 silly audit   'eslint-visitor-keys': [ '5.0.1', '3.4.3' ],
1119 silly audit   espree: [ '11.2.0' ],
1119 silly audit   esquery: [ '1.7.0' ],
1119 silly audit   esutils: [ '2.0.3' ],
1119 silly audit   'fast-deep-equal': [ '3.1.3' ],
1119 silly audit   'file-entry-cache': [ '8.0.0' ],
1119 silly audit   'find-up': [ '5.0.0' ],
1119 silly audit   'glob-parent': [ '6.0.2' ],
1119 silly audit   ignore: [ '5.3.2', '7.0.5' ],
1119 silly audit   imurmurhash: [ '0.1.4' ],
1119 silly audit   'is-glob': [ '4.0.3' ],
1119 silly audit   'json-stable-stringify-without-jsonify': [ '1.0.1' ],
1119 silly audit   minimatch: [ '10.2.5' ],
1119 silly audit   'natural-compare': [ '1.4.0' ],
1119 silly audit   optionator: [ '0.9.4' ],
1119 silly audit   '@eslint/object-schema': [ '3.0.5' ],
1119 silly audit   '@types/json-schema': [ '7.0.15' ],
1119 silly audit   levn: [ '0.4.1' ],
1119 silly audit   '@humanfs/core': [ '0.19.2' ],
1119 silly audit   '@humanfs/types': [ '0.15.0' ],
1119 silly audit   'fast-json-stable-stringify': [ '2.1.0' ],
1119 silly audit   'json-schema-traverse': [ '0.4.1' ],
1119 silly audit   'uri-js': [ '4.4.1' ],
1119 silly audit   'path-key': [ '3.1.1' ],
1119 silly audit   'shebang-command': [ '2.0.0' ],
1119 silly audit   which: [ '2.0.2' ],
1119 silly audit   ms: [ '2.1.3' ],
1119 silly audit   '@babel/core': [ '7.29.0' ],
1119 silly audit   '@babel/parser': [ '7.29.3' ],
1119 silly audit   'hermes-parser': [ '0.25.1' ],
1119 silly audit   zod: [ '4.4.3' ],
1119 silly audit   'zod-validation-error': [ '4.0.2' ],
1119 silly audit   '@babel/code-frame': [ '7.29.0' ],
1119 silly audit   '@babel/generator': [ '7.29.1' ],
1119 silly audit   '@babel/helper-compilation-targets': [ '7.28.6' ],
1119 silly audit   '@babel/helper-module-transforms': [ '7.28.6' ],
1119 silly audit   '@babel/helpers': [ '7.29.2' ],
1119 silly audit   '@babel/template': [ '7.28.6' ],
1119 silly audit   '@babel/traverse': [ '7.29.0' ],
1119 silly audit   '@babel/types': [ '7.29.0' ],
1119 silly audit   '@jridgewell/remapping': [ '2.3.5' ],
1119 silly audit   'convert-source-map': [ '2.0.0' ],
1119 silly audit   gensync: [ '1.0.0-beta.2' ],
1119 silly audit   json5: [ '2.2.3' ],
1119 silly audit   semver: [ '6.3.1', '7.7.4' ],
1119 silly audit   '@babel/helper-validator-identifier': [ '7.28.5' ],
1119 silly audit   'js-tokens': [ '4.0.0' ],
1119 silly audit   picocolors: [ '1.1.1' ],
1119 silly audit   '@jridgewell/gen-mapping': [ '0.3.13' ],
1119 silly audit   '@jridgewell/trace-mapping': [ '0.3.31' ],
1119 silly audit   jsesc: [ '3.1.0' ],
1119 silly audit   '@babel/compat-data': [ '7.29.3' ],
1119 silly audit   '@babel/helper-validator-option': [ '7.27.1' ],
1119 silly audit   browserslist: [ '4.28.2' ],
1119 silly audit   'lru-cache': [ '5.1.1' ],
1119 silly audit   '@babel/helper-module-imports': [ '7.28.6' ],
1119 silly audit   '@babel/helper-globals': [ '7.28.0' ],
1119 silly audit   '@babel/helper-string-parser': [ '7.27.1' ],
1119 silly audit   '@jridgewell/sourcemap-codec': [ '1.5.5' ],
1119 silly audit   '@jridgewell/resolve-uri': [ '3.1.2' ],
1119 silly audit   'baseline-browser-mapping': [ '2.10.27' ],
1119 silly audit   'caniuse-lite': [ '1.0.30001792' ],
1119 silly audit   'electron-to-chromium': [ '1.5.351' ],
1119 silly audit   'node-releases': [ '2.0.38' ],
1119 silly audit   'update-browserslist-db': [ '1.2.3' ],
1119 silly audit   '@types/esrecurse': [ '4.3.1' ],
1119 silly audit   esrecurse: [ '4.3.0' ],
1119 silly audit   estraverse: [ '5.3.0' ],
1119 silly audit   acorn: [ '8.16.0' ],
1119 silly audit   'acorn-jsx': [ '5.3.2' ],
1119 silly audit   'flat-cache': [ '4.0.1' ],
1119 silly audit   'locate-path': [ '6.0.0' ],
1119 silly audit   'path-exists': [ '4.0.0' ],
1119 silly audit   flatted: [ '3.4.2' ],
1119 silly audit   keyv: [ '4.5.4' ],
1119 silly audit   'hermes-estree': [ '0.25.1' ],
1119 silly audit   'is-extglob': [ '2.1.1' ],
1119 silly audit   'json-buffer': [ '3.0.1' ],
1119 silly audit   'prelude-ls': [ '1.2.1' ],
1119 silly audit   'type-check': [ '0.4.0' ],
1119 silly audit   'p-locate': [ '5.0.0' ],
1119 silly audit   yallist: [ '3.1.1' ],
1119 silly audit   'brace-expansion': [ '5.0.5' ],
1119 silly audit   'balanced-match': [ '4.0.4' ],
1119 silly audit   'deep-is': [ '0.1.4' ],
1119 silly audit   'fast-levenshtein': [ '2.0.6' ],
1119 silly audit   'word-wrap': [ '1.2.5' ],
1119 silly audit   'p-limit': [ '3.1.0' ],
1119 silly audit   'yocto-queue': [ '0.1.0' ],
1119 silly audit   scheduler: [ '0.27.0' ],
1119 silly audit   'shebang-regex': [ '3.0.0' ],
1119 silly audit   '@typescript-eslint/eslint-plugin': [ '8.59.2' ],
1119 silly audit   '@typescript-eslint/parser': [ '8.59.2' ],
1119 silly audit   '@typescript-eslint/typescript-estree': [ '8.59.2' ],
1119 silly audit   '@typescript-eslint/utils': [ '8.59.2' ],
1119 silly audit   '@typescript-eslint/scope-manager': [ '8.59.2' ],
1119 silly audit   '@typescript-eslint/type-utils': [ '8.59.2' ],
1119 silly audit   '@typescript-eslint/visitor-keys': [ '8.59.2' ],
1119 silly audit   'ts-api-utils': [ '2.5.0' ],
1119 silly audit   '@typescript-eslint/types': [ '8.59.2' ],
1119 silly audit   '@typescript-eslint/project-service': [ '8.59.2' ],
1119 silly audit   '@typescript-eslint/tsconfig-utils': [ '8.59.2' ],
1119 silly audit   tinyglobby: [ '0.2.16' ],
1119 silly audit   fdir: [ '6.5.0' ],
1119 silly audit   picomatch: [ '4.0.4' ],
1119 silly audit   escalade: [ '3.2.0' ],
1119 silly audit   punycode: [ '2.3.1' ],
1119 silly audit   fsevents: [ '2.3.3' ],
1119 silly audit   lightningcss: [ '1.32.0' ],
1119 silly audit   postcss: [ '8.5.14' ],
1119 silly audit   rolldown: [ '1.0.0-rc.17' ],
1119 silly audit   'detect-libc': [ '2.1.2' ],
1119 silly audit   'lightningcss-android-arm64': [ '1.32.0' ],
1119 silly audit   'lightningcss-darwin-arm64': [ '1.32.0' ],
1119 silly audit   'lightningcss-darwin-x64': [ '1.32.0' ],
1119 silly audit   'lightningcss-freebsd-x64': [ '1.32.0' ],
1119 silly audit   'lightningcss-linux-arm-gnueabihf': [ '1.32.0' ],
1119 silly audit   'lightningcss-linux-arm64-gnu': [ '1.32.0' ],
1119 silly audit   'lightningcss-linux-arm64-musl': [ '1.32.0' ],
1119 silly audit   'lightningcss-linux-x64-gnu': [ '1.32.0' ],
1119 silly audit   'lightningcss-linux-x64-musl': [ '1.32.0' ],
1119 silly audit   'lightningcss-win32-arm64-msvc': [ '1.32.0' ],
1119 silly audit   'lightningcss-win32-x64-msvc': [ '1.32.0' ],
1119 silly audit   nanoid: [ '3.3.12' ],
1119 silly audit   'source-map-js': [ '1.2.1' ],
1119 silly audit   '@oxc-project/types': [ '0.127.0' ],
1119 silly audit   '@rolldown/binding-android-arm64': [ '1.0.0-rc.17' ],
1119 silly audit   '@rolldown/binding-darwin-arm64': [ '1.0.0-rc.17' ],
1119 silly audit   '@rolldown/binding-darwin-x64': [ '1.0.0-rc.17' ],
1119 silly audit   '@rolldown/binding-freebsd-x64': [ '1.0.0-rc.17' ],
1119 silly audit   '@rolldown/binding-linux-arm-gnueabihf': [ '1.0.0-rc.17' ],
1119 silly audit   '@rolldown/binding-linux-arm64-gnu': [ '1.0.0-rc.17' ],
1119 silly audit   '@rolldown/binding-linux-arm64-musl': [ '1.0.0-rc.17' ],
1119 silly audit   '@rolldown/binding-linux-ppc64-gnu': [ '1.0.0-rc.17' ],
1119 silly audit   '@rolldown/binding-linux-s390x-gnu': [ '1.0.0-rc.17' ],
1119 silly audit   '@rolldown/binding-linux-x64-gnu': [ '1.0.0-rc.17' ],
1119 silly audit   '@rolldown/binding-linux-x64-musl': [ '1.0.0-rc.17' ],
1119 silly audit   '@rolldown/binding-openharmony-arm64': [ '1.0.0-rc.17' ],
1119 silly audit   '@rolldown/binding-wasm32-wasi': [ '1.0.0-rc.17' ],
1119 silly audit   '@rolldown/binding-win32-arm64-msvc': [ '1.0.0-rc.17' ],
1119 silly audit   '@rolldown/binding-win32-x64-msvc': [ '1.0.0-rc.17' ],
1119 silly audit   '@emnapi/core': [ '1.10.0' ],
1119 silly audit   '@emnapi/runtime': [ '1.10.0' ],
1119 silly audit   '@napi-rs/wasm-runtime': [ '1.1.4' ],
1119 silly audit   '@emnapi/wasi-threads': [ '1.2.1' ],
1119 silly audit   tslib: [ '2.8.1' ],
1119 silly audit   '@tybys/wasm-util': [ '0.10.2' ],
1119 silly audit   isexe: [ '2.0.0' ]
1119 silly audit }
1120 verbose reify failed optional dependency /Users/soledadarismendi/Sites/Laboratoryum/web/node_modules/@rolldown/binding-win32-x64-msvc
1121 silly reify mark deleted [
1121 silly reify   '/Users/soledadarismendi/Sites/Laboratoryum/web/node_modules/@rolldown/binding-win32-x64-msvc'
1121 silly reify ]
1122 verbose reify failed optional dependency /Users/soledadarismendi/Sites/Laboratoryum/web/node_modules/@rolldown/binding-win32-arm64-msvc
1123 silly reify mark deleted [
1123 silly reify   '/Users/soledadarismendi/Sites/Laboratoryum/web/node_modules/@rolldown/binding-win32-arm64-msvc'
1123 silly reify ]
1124 verbose reify failed optional dependency /Users/soledadarismendi/Sites/Laboratoryum/web/node_modules/@rolldown/binding-wasm32-wasi
1125 silly reify mark deleted [
1125 silly reify   '/Users/soledadarismendi/Sites/Laboratoryum/web/node_modules/@rolldown/binding-wasm32-wasi'
1125 silly reify ]
1126 verbose reify failed optional dependency /Users/soledadarismendi/Sites/Laboratoryum/web/node_modules/@emnapi/core
1127 silly reify mark deleted [
1127 silly reify   '/Users/soledadarismendi/Sites/Laboratoryum/web/node_modules/@emnapi/core'
1127 silly reify ]
1128 verbose reify failed optional dependency /Users/soledadarismendi/Sites/Laboratoryum/web/node_modules/@emnapi/runtime
1129 silly reify mark deleted [
1129 silly reify   '/Users/soledadarismendi/Sites/Laboratoryum/web/node_modules/@emnapi/runtime'
1129 silly reify ]
1130 verbose reify failed optional dependency /Users/soledadarismendi/Sites/Laboratoryum/web/node_modules/@napi-rs/wasm-runtime
1131 silly reify mark deleted [
1131 silly reify   '/Users/soledadarismendi/Sites/Laboratoryum/web/node_modules/@napi-rs/wasm-runtime'
1131 silly reify ]
1132 verbose reify failed optional dependency /Users/soledadarismendi/Sites/Laboratoryum/web/node_modules/@emnapi/wasi-threads
1133 silly reify mark deleted [
1133 silly reify   '/Users/soledadarismendi/Sites/Laboratoryum/web/node_modules/@emnapi/wasi-threads'
1133 silly reify ]
1134 verbose reify failed optional dependency /Users/soledadarismendi/Sites/Laboratoryum/web/node_modules/tslib
1135 silly reify mark deleted [ '/Users/soledadarismendi/Sites/Laboratoryum/web/node_modules/tslib' ]
1136 verbose reify failed optional dependency /Users/soledadarismendi/Sites/Laboratoryum/web/node_modules/@tybys/wasm-util
1137 silly reify mark deleted [
1137 silly reify   '/Users/soledadarismendi/Sites/Laboratoryum/web/node_modules/@tybys/wasm-util'
1137 silly reify ]
1138 verbose reify failed optional dependency /Users/soledadarismendi/Sites/Laboratoryum/web/node_modules/@rolldown/binding-openharmony-arm64
1139 silly reify mark deleted [
1139 silly reify   '/Users/soledadarismendi/Sites/Laboratoryum/web/node_modules/@rolldown/binding-openharmony-arm64'
1139 silly reify ]
1140 verbose reify failed optional dependency /Users/soledadarismendi/Sites/Laboratoryum/web/node_modules/@rolldown/binding-linux-x64-musl
1141 silly reify mark deleted [
1141 silly reify   '/Users/soledadarismendi/Sites/Laboratoryum/web/node_modules/@rolldown/binding-linux-x64-musl'
1141 silly reify ]
1142 verbose reify failed optional dependency /Users/soledadarismendi/Sites/Laboratoryum/web/node_modules/@rolldown/binding-linux-x64-gnu
1143 silly reify mark deleted [
1143 silly reify   '/Users/soledadarismendi/Sites/Laboratoryum/web/node_modules/@rolldown/binding-linux-x64-gnu'
1143 silly reify ]
1144 verbose reify failed optional dependency /Users/soledadarismendi/Sites/Laboratoryum/web/node_modules/@rolldown/binding-linux-s390x-gnu
1145 silly reify mark deleted [
1145 silly reify   '/Users/soledadarismendi/Sites/Laboratoryum/web/node_modules/@rolldown/binding-linux-s390x-gnu'
1145 silly reify ]
1146 verbose reify failed optional dependency /Users/soledadarismendi/Sites/Laboratoryum/web/node_modules/@rolldown/binding-linux-ppc64-gnu
1147 silly reify mark deleted [
1147 silly reify   '/Users/soledadarismendi/Sites/Laboratoryum/web/node_modules/@rolldown/binding-linux-ppc64-gnu'
1147 silly reify ]
1148 verbose reify failed optional dependency /Users/soledadarismendi/Sites/Laboratoryum/web/node_modules/@rolldown/binding-linux-arm64-musl
1149 silly reify mark deleted [
1149 silly reify   '/Users/soledadarismendi/Sites/Laboratoryum/web/node_modules/@rolldown/binding-linux-arm64-musl'
1149 silly reify ]
1150 verbose reify failed optional dependency /Users/soledadarismendi/Sites/Laboratoryum/web/node_modules/@rolldown/binding-linux-arm64-gnu
1151 silly reify mark deleted [
1151 silly reify   '/Users/soledadarismendi/Sites/Laboratoryum/web/node_modules/@rolldown/binding-linux-arm64-gnu'
1151 silly reify ]
1152 verbose reify failed optional dependency /Users/soledadarismendi/Sites/Laboratoryum/web/node_modules/@rolldown/binding-linux-arm-gnueabihf
1153 silly reify mark deleted [
1153 silly reify   '/Users/soledadarismendi/Sites/Laboratoryum/web/node_modules/@rolldown/binding-linux-arm-gnueabihf'
1153 silly reify ]
1154 verbose reify failed optional dependency /Users/soledadarismendi/Sites/Laboratoryum/web/node_modules/@rolldown/binding-freebsd-x64
1155 silly reify mark deleted [
1155 silly reify   '/Users/soledadarismendi/Sites/Laboratoryum/web/node_modules/@rolldown/binding-freebsd-x64'
1155 silly reify ]
1156 verbose reify failed optional dependency /Users/soledadarismendi/Sites/Laboratoryum/web/node_modules/@rolldown/binding-darwin-x64
1157 silly reify mark deleted [
1157 silly reify   '/Users/soledadarismendi/Sites/Laboratoryum/web/node_modules/@rolldown/binding-darwin-x64'
1157 silly reify ]
1158 verbose reify failed optional dependency /Users/soledadarismendi/Sites/Laboratoryum/web/node_modules/@rolldown/binding-android-arm64
1159 silly reify mark deleted [
1159 silly reify   '/Users/soledadarismendi/Sites/Laboratoryum/web/node_modules/@rolldown/binding-android-arm64'
1159 silly reify ]
1160 verbose reify failed optional dependency /Users/soledadarismendi/Sites/Laboratoryum/web/node_modules/lightningcss-win32-x64-msvc
1161 silly reify mark deleted [
1161 silly reify   '/Users/soledadarismendi/Sites/Laboratoryum/web/node_modules/lightningcss-win32-x64-msvc'
1161 silly reify ]
1162 verbose reify failed optional dependency /Users/soledadarismendi/Sites/Laboratoryum/web/node_modules/lightningcss-win32-arm64-msvc
1163 silly reify mark deleted [
1163 silly reify   '/Users/soledadarismendi/Sites/Laboratoryum/web/node_modules/lightningcss-win32-arm64-msvc'
1163 silly reify ]
1164 verbose reify failed optional dependency /Users/soledadarismendi/Sites/Laboratoryum/web/node_modules/lightningcss-linux-x64-musl
1165 silly reify mark deleted [
1165 silly reify   '/Users/soledadarismendi/Sites/Laboratoryum/web/node_modules/lightningcss-linux-x64-musl'
1165 silly reify ]
1166 verbose reify failed optional dependency /Users/soledadarismendi/Sites/Laboratoryum/web/node_modules/lightningcss-linux-x64-gnu
1167 silly reify mark deleted [
1167 silly reify   '/Users/soledadarismendi/Sites/Laboratoryum/web/node_modules/lightningcss-linux-x64-gnu'
1167 silly reify ]
1168 verbose reify failed optional dependency /Users/soledadarismendi/Sites/Laboratoryum/web/node_modules/lightningcss-linux-arm64-musl
1169 silly reify mark deleted [
1169 silly reify   '/Users/soledadarismendi/Sites/Laboratoryum/web/node_modules/lightningcss-linux-arm64-musl'
1169 silly reify ]
1170 verbose reify failed optional dependency /Users/soledadarismendi/Sites/Laboratoryum/web/node_modules/lightningcss-linux-arm64-gnu
1171 silly reify mark deleted [
1171 silly reify   '/Users/soledadarismendi/Sites/Laboratoryum/web/node_modules/lightningcss-linux-arm64-gnu'
1171 silly reify ]
1172 verbose reify failed optional dependency /Users/soledadarismendi/Sites/Laboratoryum/web/node_modules/lightningcss-linux-arm-gnueabihf
1173 silly reify mark deleted [
1173 silly reify   '/Users/soledadarismendi/Sites/Laboratoryum/web/node_modules/lightningcss-linux-arm-gnueabihf'
1173 silly reify ]
1174 verbose reify failed optional dependency /Users/soledadarismendi/Sites/Laboratoryum/web/node_modules/lightningcss-freebsd-x64
1175 silly reify mark deleted [
1175 silly reify   '/Users/soledadarismendi/Sites/Laboratoryum/web/node_modules/lightningcss-freebsd-x64'
1175 silly reify ]
1176 verbose reify failed optional dependency /Users/soledadarismendi/Sites/Laboratoryum/web/node_modules/lightningcss-darwin-x64
1177 silly reify mark deleted [
1177 silly reify   '/Users/soledadarismendi/Sites/Laboratoryum/web/node_modules/lightningcss-darwin-x64'
1177 silly reify ]
1178 verbose reify failed optional dependency /Users/soledadarismendi/Sites/Laboratoryum/web/node_modules/lightningcss-android-arm64
1179 silly reify mark deleted [
1179 silly reify   '/Users/soledadarismendi/Sites/Laboratoryum/web/node_modules/lightningcss-android-arm64'
1179 silly reify ]
1180 http cache @tybys/wasm-util@https://registry.npmjs.org/@tybys/wasm-util/-/wasm-util-0.10.2.tgz 0ms (cache hit)
1181 http cache isexe@https://registry.npmjs.org/isexe/-/isexe-2.0.0.tgz 0ms (cache hit)
1182 http cache @emnapi/wasi-threads@https://registry.npmjs.org/@emnapi/wasi-threads/-/wasi-threads-1.2.1.tgz 0ms (cache hit)
1183 http cache @emnapi/runtime@https://registry.npmjs.org/@emnapi/runtime/-/runtime-1.10.0.tgz 0ms (cache hit)
1184 http cache @napi-rs/wasm-runtime@https://registry.npmjs.org/@napi-rs/wasm-runtime/-/wasm-runtime-1.1.4.tgz 0ms (cache hit)
1185 http cache @rolldown/binding-darwin-arm64@https://registry.npmjs.org/@rolldown/binding-darwin-arm64/-/binding-darwin-arm64-1.0.0-rc.17.tgz 0ms (cache hit)
1186 http cache @emnapi/core@https://registry.npmjs.org/@emnapi/core/-/core-1.10.0.tgz 0ms (cache hit)
1187 http cache @oxc-project/types@https://registry.npmjs.org/@oxc-project/types/-/types-0.127.0.tgz 0ms (cache hit)
1188 http cache lightningcss-darwin-arm64@https://registry.npmjs.org/lightningcss-darwin-arm64/-/lightningcss-darwin-arm64-1.32.0.tgz 1ms (cache hit)
1189 http cache source-map-js@https://registry.npmjs.org/source-map-js/-/source-map-js-1.2.1.tgz 0ms (cache hit)
1190 http cache detect-libc@https://registry.npmjs.org/detect-libc/-/detect-libc-2.1.2.tgz 0ms (cache hit)
1191 http cache rolldown@https://registry.npmjs.org/rolldown/-/rolldown-1.0.0-rc.17.tgz 0ms (cache hit)
1192 http cache postcss@https://registry.npmjs.org/postcss/-/postcss-8.5.14.tgz 0ms (cache hit)
1193 http cache fsevents@https://registry.npmjs.org/fsevents/-/fsevents-2.3.3.tgz 0ms (cache hit)
1194 http cache lightningcss@https://registry.npmjs.org/lightningcss/-/lightningcss-1.32.0.tgz 0ms (cache hit)
1195 http cache punycode@https://registry.npmjs.org/punycode/-/punycode-2.3.1.tgz 0ms (cache hit)
1196 http cache picomatch@https://registry.npmjs.org/picomatch/-/picomatch-4.0.4.tgz 0ms (cache hit)
1197 http cache tslib@https://registry.npmjs.org/tslib/-/tslib-2.8.1.tgz 0ms (cache hit)
1198 http cache tinyglobby@https://registry.npmjs.org/tinyglobby/-/tinyglobby-0.2.16.tgz 0ms (cache hit)
1199 http cache @typescript-eslint/types@https://registry.npmjs.org/@typescript-eslint/types/-/types-8.59.2.tgz 0ms (cache hit)
1200 http cache @typescript-eslint/project-service@https://registry.npmjs.org/@typescript-eslint/project-service/-/project-service-8.59.2.tgz 0ms (cache hit)
1201 http cache @typescript-eslint/tsconfig-utils@https://registry.npmjs.org/@typescript-eslint/tsconfig-utils/-/tsconfig-utils-8.59.2.tgz 0ms (cache hit)
1202 http cache fdir@https://registry.npmjs.org/fdir/-/fdir-6.5.0.tgz 0ms (cache hit)
1203 http cache ts-api-utils@https://registry.npmjs.org/ts-api-utils/-/ts-api-utils-2.5.0.tgz 0ms (cache hit)
1204 http cache @typescript-eslint/scope-manager@https://registry.npmjs.org/@typescript-eslint/scope-manager/-/scope-manager-8.59.2.tgz 0ms (cache hit)
1205 http cache @typescript-eslint/visitor-keys@https://registry.npmjs.org/@typescript-eslint/visitor-keys/-/visitor-keys-8.59.2.tgz 0ms (cache hit)
1206 http cache @typescript-eslint/utils@https://registry.npmjs.org/@typescript-eslint/utils/-/utils-8.59.2.tgz 0ms (cache hit)
1207 http cache @typescript-eslint/parser@https://registry.npmjs.org/@typescript-eslint/parser/-/parser-8.59.2.tgz 0ms (cache hit)
1208 http cache @typescript-eslint/type-utils@https://registry.npmjs.org/@typescript-eslint/type-utils/-/type-utils-8.59.2.tgz 0ms (cache hit)
1209 http cache shebang-regex@https://registry.npmjs.org/shebang-regex/-/shebang-regex-3.0.0.tgz 0ms (cache hit)
1210 http cache escalade@https://registry.npmjs.org/escalade/-/escalade-3.2.0.tgz 0ms (cache hit)
1211 http cache @typescript-eslint/typescript-estree@https://registry.npmjs.org/@typescript-eslint/typescript-estree/-/typescript-estree-8.59.2.tgz 0ms (cache hit)
1212 http cache p-limit@https://registry.npmjs.org/p-limit/-/p-limit-3.1.0.tgz 0ms (cache hit)
1213 http cache @typescript-eslint/eslint-plugin@https://registry.npmjs.org/@typescript-eslint/eslint-plugin/-/eslint-plugin-8.59.2.tgz 0ms (cache hit)
1214 http cache yocto-queue@https://registry.npmjs.org/yocto-queue/-/yocto-queue-0.1.0.tgz 0ms (cache hit)
1215 http cache scheduler@https://registry.npmjs.org/scheduler/-/scheduler-0.27.0.tgz 0ms (cache hit)
1216 http cache fast-levenshtein@https://registry.npmjs.org/fast-levenshtein/-/fast-levenshtein-2.0.6.tgz 0ms (cache hit)
1217 http cache brace-expansion@https://registry.npmjs.org/brace-expansion/-/brace-expansion-5.0.5.tgz 0ms (cache hit)
1218 http cache deep-is@https://registry.npmjs.org/deep-is/-/deep-is-0.1.4.tgz 0ms (cache hit)
1219 http cache balanced-match@https://registry.npmjs.org/balanced-match/-/balanced-match-4.0.4.tgz 0ms (cache hit)
1220 http cache p-locate@https://registry.npmjs.org/p-locate/-/p-locate-5.0.0.tgz 0ms (cache hit)
1221 http cache yallist@https://registry.npmjs.org/yallist/-/yallist-3.1.1.tgz 0ms (cache hit)
1222 http cache word-wrap@https://registry.npmjs.org/word-wrap/-/word-wrap-1.2.5.tgz 0ms (cache hit)
1223 http cache prelude-ls@https://registry.npmjs.org/prelude-ls/-/prelude-ls-1.2.1.tgz 0ms (cache hit)
1224 http cache type-check@https://registry.npmjs.org/type-check/-/type-check-0.4.0.tgz 0ms (cache hit)
1225 http cache is-extglob@https://registry.npmjs.org/is-extglob/-/is-extglob-2.1.1.tgz 0ms (cache hit)
1226 http cache json-buffer@https://registry.npmjs.org/json-buffer/-/json-buffer-3.0.1.tgz 0ms (cache hit)
1227 http cache hermes-estree@https://registry.npmjs.org/hermes-estree/-/hermes-estree-0.25.1.tgz 0ms (cache hit)
1228 http cache path-exists@https://registry.npmjs.org/path-exists/-/path-exists-4.0.0.tgz 0ms (cache hit)
1229 http cache flat-cache@https://registry.npmjs.org/flat-cache/-/flat-cache-4.0.1.tgz 0ms (cache hit)
1230 http cache keyv@https://registry.npmjs.org/keyv/-/keyv-4.5.4.tgz 0ms (cache hit)
1231 http cache acorn-jsx@https://registry.npmjs.org/acorn-jsx/-/acorn-jsx-5.3.2.tgz 0ms (cache hit)
1232 http cache acorn@https://registry.npmjs.org/acorn/-/acorn-8.16.0.tgz 0ms (cache hit)
1233 http cache flatted@https://registry.npmjs.org/flatted/-/flatted-3.4.2.tgz 0ms (cache hit)
1234 http cache update-browserslist-db@https://registry.npmjs.org/update-browserslist-db/-/update-browserslist-db-1.2.3.tgz 0ms (cache hit)
1235 http cache @types/esrecurse@https://registry.npmjs.org/@types/esrecurse/-/esrecurse-4.3.1.tgz 0ms (cache hit)
1236 http cache node-releases@https://registry.npmjs.org/node-releases/-/node-releases-2.0.38.tgz 0ms (cache hit)
1237 http cache estraverse@https://registry.npmjs.org/estraverse/-/estraverse-5.3.0.tgz 0ms (cache hit)
1238 http cache esrecurse@https://registry.npmjs.org/esrecurse/-/esrecurse-4.3.0.tgz 0ms (cache hit)
1239 http cache electron-to-chromium@https://registry.npmjs.org/electron-to-chromium/-/electron-to-chromium-1.5.351.tgz 0ms (cache hit)
1240 http cache @jridgewell/resolve-uri@https://registry.npmjs.org/@jridgewell/resolve-uri/-/resolve-uri-3.1.2.tgz 0ms (cache hit)
1241 http cache caniuse-lite@https://registry.npmjs.org/caniuse-lite/-/caniuse-lite-1.0.30001792.tgz 0ms (cache hit)
1242 http cache @jridgewell/sourcemap-codec@https://registry.npmjs.org/@jridgewell/sourcemap-codec/-/sourcemap-codec-1.5.5.tgz 0ms (cache hit)
1243 http cache @babel/helper-globals@https://registry.npmjs.org/@babel/helper-globals/-/helper-globals-7.28.0.tgz 0ms (cache hit)
1244 http cache @babel/helper-module-imports@https://registry.npmjs.org/@babel/helper-module-imports/-/helper-module-imports-7.28.6.tgz 0ms (cache hit)
1245 http cache @babel/helper-string-parser@https://registry.npmjs.org/@babel/helper-string-parser/-/helper-string-parser-7.27.1.tgz 0ms (cache hit)
1246 http cache nanoid@https://registry.npmjs.org/nanoid/-/nanoid-3.3.12.tgz 0ms (cache hit)
1247 http cache browserslist@https://registry.npmjs.org/browserslist/-/browserslist-4.28.2.tgz 0ms (cache hit)
1248 http cache jsesc@https://registry.npmjs.org/jsesc/-/jsesc-3.1.0.tgz 0ms (cache hit)
1249 http cache baseline-browser-mapping@https://registry.npmjs.org/baseline-browser-mapping/-/baseline-browser-mapping-2.10.27.tgz 0ms (cache hit)
1250 http cache @babel/helper-validator-option@https://registry.npmjs.org/@babel/helper-validator-option/-/helper-validator-option-7.27.1.tgz 0ms (cache hit)
1251 http cache lru-cache@https://registry.npmjs.org/lru-cache/-/lru-cache-5.1.1.tgz 0ms (cache hit)
1252 http cache locate-path@https://registry.npmjs.org/locate-path/-/locate-path-6.0.0.tgz 0ms (cache hit)
1253 http cache @jridgewell/trace-mapping@https://registry.npmjs.org/@jridgewell/trace-mapping/-/trace-mapping-0.3.31.tgz 0ms (cache hit)
1254 http cache @jridgewell/gen-mapping@https://registry.npmjs.org/@jridgewell/gen-mapping/-/gen-mapping-0.3.13.tgz 0ms (cache hit)
1255 http cache semver@https://registry.npmjs.org/semver/-/semver-6.3.1.tgz 0ms (cache hit)
1256 http cache js-tokens@https://registry.npmjs.org/js-tokens/-/js-tokens-4.0.0.tgz 0ms (cache hit)
1257 http cache json5@https://registry.npmjs.org/json5/-/json5-2.2.3.tgz 0ms (cache hit)
1258 http cache picocolors@https://registry.npmjs.org/picocolors/-/picocolors-1.1.1.tgz 0ms (cache hit)
1259 http cache @babel/helper-validator-identifier@https://registry.npmjs.org/@babel/helper-validator-identifier/-/helper-validator-identifier-7.28.5.tgz 0ms (cache hit)
1260 http cache convert-source-map@https://registry.npmjs.org/convert-source-map/-/convert-source-map-2.0.0.tgz 0ms (cache hit)
1261 http cache gensync@https://registry.npmjs.org/gensync/-/gensync-1.0.0-beta.2.tgz 0ms (cache hit)
1262 http cache @babel/types@https://registry.npmjs.org/@babel/types/-/types-7.29.0.tgz 0ms (cache hit)
1263 http cache @babel/traverse@https://registry.npmjs.org/@babel/traverse/-/traverse-7.29.0.tgz 0ms (cache hit)
1264 http cache @babel/helpers@https://registry.npmjs.org/@babel/helpers/-/helpers-7.29.2.tgz 0ms (cache hit)
1265 http cache @jridgewell/remapping@https://registry.npmjs.org/@jridgewell/remapping/-/remapping-2.3.5.tgz 0ms (cache hit)
1266 http cache @babel/template@https://registry.npmjs.org/@babel/template/-/template-7.28.6.tgz 0ms (cache hit)
1267 http cache @babel/generator@https://registry.npmjs.org/@babel/generator/-/generator-7.29.1.tgz 0ms (cache hit)
1268 http cache @babel/helper-module-transforms@https://registry.npmjs.org/@babel/helper-module-transforms/-/helper-module-transforms-7.28.6.tgz 0ms (cache hit)
1269 http cache @babel/code-frame@https://registry.npmjs.org/@babel/code-frame/-/code-frame-7.29.0.tgz 0ms (cache hit)
1270 http cache zod-validation-error@https://registry.npmjs.org/zod-validation-error/-/zod-validation-error-4.0.2.tgz 0ms (cache hit)
1271 http cache @babel/compat-data@https://registry.npmjs.org/@babel/compat-data/-/compat-data-7.29.3.tgz 0ms (cache hit)
1272 http cache zod@https://registry.npmjs.org/zod/-/zod-4.4.3.tgz 0ms (cache hit)
1273 http cache @babel/helper-compilation-targets@https://registry.npmjs.org/@babel/helper-compilation-targets/-/helper-compilation-targets-7.28.6.tgz 0ms (cache hit)
1274 http cache shebang-command@https://registry.npmjs.org/shebang-command/-/shebang-command-2.0.0.tgz 0ms (cache hit)
1275 http cache ms@https://registry.npmjs.org/ms/-/ms-2.1.3.tgz 0ms (cache hit)
1276 http cache @babel/core@https://registry.npmjs.org/@babel/core/-/core-7.29.0.tgz 0ms (cache hit)
1277 http cache uri-js@https://registry.npmjs.org/uri-js/-/uri-js-4.4.1.tgz 0ms (cache hit)
1278 http cache @babel/parser@https://registry.npmjs.org/@babel/parser/-/parser-7.29.3.tgz 0ms (cache hit)
1279 http cache which@https://registry.npmjs.org/which/-/which-2.0.2.tgz 0ms (cache hit)
1280 http cache levn@https://registry.npmjs.org/levn/-/levn-0.4.1.tgz 0ms (cache hit)
1281 http cache @types/json-schema@https://registry.npmjs.org/@types/json-schema/-/json-schema-7.0.15.tgz 0ms (cache hit)
1282 http cache fast-json-stable-stringify@https://registry.npmjs.org/fast-json-stable-stringify/-/fast-json-stable-stringify-2.1.0.tgz 0ms (cache hit)
1283 http cache @humanfs/types@https://registry.npmjs.org/@humanfs/types/-/types-0.15.0.tgz 0ms (cache hit)
1284 http cache optionator@https://registry.npmjs.org/optionator/-/optionator-0.9.4.tgz 0ms (cache hit)
1285 http cache path-key@https://registry.npmjs.org/path-key/-/path-key-3.1.1.tgz 0ms (cache hit)
1286 http cache @humanfs/core@https://registry.npmjs.org/@humanfs/core/-/core-0.19.2.tgz 0ms (cache hit)
1287 http cache @eslint/object-schema@https://registry.npmjs.org/@eslint/object-schema/-/object-schema-3.0.5.tgz 0ms (cache hit)
1288 http cache json-schema-traverse@https://registry.npmjs.org/json-schema-traverse/-/json-schema-traverse-0.4.1.tgz 0ms (cache hit)
1289 http cache minimatch@https://registry.npmjs.org/minimatch/-/minimatch-10.2.5.tgz 0ms (cache hit)
1290 http cache hermes-parser@https://registry.npmjs.org/hermes-parser/-/hermes-parser-0.25.1.tgz 0ms (cache hit)
1291 http cache json-stable-stringify-without-jsonify@https://registry.npmjs.org/json-stable-stringify-without-jsonify/-/json-stable-stringify-without-jsonify-1.0.1.tgz 0ms (cache hit)
1292 http cache natural-compare@https://registry.npmjs.org/natural-compare/-/natural-compare-1.4.0.tgz 0ms (cache hit)
1293 http cache is-glob@https://registry.npmjs.org/is-glob/-/is-glob-4.0.3.tgz 0ms (cache hit)
1294 http cache glob-parent@https://registry.npmjs.org/glob-parent/-/glob-parent-6.0.2.tgz 0ms (cache hit)
1295 http cache imurmurhash@https://registry.npmjs.org/imurmurhash/-/imurmurhash-0.1.4.tgz 0ms (cache hit)
1296 http cache fast-deep-equal@https://registry.npmjs.org/fast-deep-equal/-/fast-deep-equal-3.1.3.tgz 0ms (cache hit)
1297 http cache find-up@https://registry.npmjs.org/find-up/-/find-up-5.0.0.tgz 0ms (cache hit)
1298 http cache file-entry-cache@https://registry.npmjs.org/file-entry-cache/-/file-entry-cache-8.0.0.tgz 0ms (cache hit)
1299 http cache ignore@https://registry.npmjs.org/ignore/-/ignore-5.3.2.tgz 0ms (cache hit)
1300 http cache esquery@https://registry.npmjs.org/esquery/-/esquery-1.7.0.tgz 0ms (cache hit)
1301 http cache eslint-visitor-keys@https://registry.npmjs.org/eslint-visitor-keys/-/eslint-visitor-keys-5.0.1.tgz 0ms (cache hit)
1302 http cache espree@https://registry.npmjs.org/espree/-/espree-11.2.0.tgz 0ms (cache hit)
1303 http cache eslint-scope@https://registry.npmjs.org/eslint-scope/-/eslint-scope-9.1.2.tgz 0ms (cache hit)
1304 http cache cross-spawn@https://registry.npmjs.org/cross-spawn/-/cross-spawn-7.0.6.tgz 0ms (cache hit)
1305 http cache escape-string-regexp@https://registry.npmjs.org/escape-string-regexp/-/escape-string-regexp-4.0.0.tgz 0ms (cache hit)
1306 http cache @types/estree@https://registry.npmjs.org/@types/estree/-/estree-1.0.8.tgz 0ms (cache hit)
1307 http cache @humanwhocodes/module-importer@https://registry.npmjs.org/@humanwhocodes/module-importer/-/module-importer-1.0.1.tgz 0ms (cache hit)
1308 http cache esutils@https://registry.npmjs.org/esutils/-/esutils-2.0.3.tgz 0ms (cache hit)
1309 http cache debug@https://registry.npmjs.org/debug/-/debug-4.4.3.tgz 0ms (cache hit)
1310 http cache @humanwhocodes/retry@https://registry.npmjs.org/@humanwhocodes/retry/-/retry-0.4.3.tgz 0ms (cache hit)
1311 http cache ajv@https://registry.npmjs.org/ajv/-/ajv-6.15.0.tgz 0ms (cache hit)
1312 http cache @eslint/config-helpers@https://registry.npmjs.org/@eslint/config-helpers/-/config-helpers-0.5.5.tgz 0ms (cache hit)
1313 http cache @humanfs/node@https://registry.npmjs.org/@humanfs/node/-/node-0.16.8.tgz 0ms (cache hit)
1314 http cache @eslint/plugin-kit@https://registry.npmjs.org/@eslint/plugin-kit/-/plugin-kit-0.7.1.tgz 0ms (cache hit)
1315 http cache @rolldown/pluginutils@https://registry.npmjs.org/@rolldown/pluginutils/-/pluginutils-1.0.0-rc.7.tgz 0ms (cache hit)
1316 http cache undici-types@https://registry.npmjs.org/undici-types/-/undici-types-7.16.0.tgz 0ms (cache hit)
1317 http cache typescript-eslint@https://registry.npmjs.org/typescript-eslint/-/typescript-eslint-8.59.2.tgz 0ms (cache hit)
1318 http cache react-dom@https://registry.npmjs.org/react-dom/-/react-dom-19.2.6.tgz 0ms (cache hit)
1319 http cache @eslint-community/regexpp@https://registry.npmjs.org/@eslint-community/regexpp/-/regexpp-4.12.2.tgz 0ms (cache hit)
1320 http cache csstype@https://registry.npmjs.org/csstype/-/csstype-3.2.3.tgz 0ms (cache hit)
1321 http cache typescript@https://registry.npmjs.org/typescript/-/typescript-6.0.3.tgz 0ms (cache hit)
1322 http cache eslint-plugin-react-refresh@https://registry.npmjs.org/eslint-plugin-react-refresh/-/eslint-plugin-react-refresh-0.5.2.tgz 0ms (cache hit)
1323 http cache eslint-plugin-react-hooks@https://registry.npmjs.org/eslint-plugin-react-hooks/-/eslint-plugin-react-hooks-7.1.1.tgz 0ms (cache hit)
1324 http cache @eslint/core@https://registry.npmjs.org/@eslint/core/-/core-1.2.1.tgz 0ms (cache hit)
1325 http cache @eslint-community/eslint-utils@https://registry.npmjs.org/@eslint-community/eslint-utils/-/eslint-utils-4.9.1.tgz 0ms (cache hit)
1326 http cache globals@https://registry.npmjs.org/globals/-/globals-17.6.0.tgz 0ms (cache hit)
1327 http cache @types/react@https://registry.npmjs.org/@types/react/-/react-19.2.14.tgz 0ms (cache hit)
1328 http cache @vitejs/plugin-react@https://registry.npmjs.org/@vitejs/plugin-react/-/plugin-react-6.0.1.tgz 0ms (cache hit)
1329 http cache @rolldown/pluginutils@https://registry.npmjs.org/@rolldown/pluginutils/-/pluginutils-1.0.0-rc.17.tgz 0ms (cache hit)
1330 http cache @eslint/js@https://registry.npmjs.org/@eslint/js/-/js-10.0.1.tgz 0ms (cache hit)
1331 http cache semver@https://registry.npmjs.org/semver/-/semver-7.7.4.tgz 0ms (cache hit)
1332 http cache ignore@https://registry.npmjs.org/ignore/-/ignore-7.0.5.tgz 0ms (cache hit)
1333 http cache react@https://registry.npmjs.org/react/-/react-19.2.6.tgz 0ms (cache hit)
1334 http cache eslint@https://registry.npmjs.org/eslint/-/eslint-10.3.0.tgz 0ms (cache hit)
1335 silly tarball no local data for @tybys/wasm-util@https://registry.npmjs.org/@tybys/wasm-util/-/wasm-util-0.10.2.tgz. Extracting by manifest.
1336 silly tarball no local data for isexe@https://registry.npmjs.org/isexe/-/isexe-2.0.0.tgz. Extracting by manifest.
1337 silly tarball no local data for @emnapi/wasi-threads@https://registry.npmjs.org/@emnapi/wasi-threads/-/wasi-threads-1.2.1.tgz. Extracting by manifest.
1338 silly tarball no local data for @emnapi/runtime@https://registry.npmjs.org/@emnapi/runtime/-/runtime-1.10.0.tgz. Extracting by manifest.
1339 silly tarball no local data for @napi-rs/wasm-runtime@https://registry.npmjs.org/@napi-rs/wasm-runtime/-/wasm-runtime-1.1.4.tgz. Extracting by manifest.
1340 silly tarball no local data for @rolldown/binding-darwin-arm64@https://registry.npmjs.org/@rolldown/binding-darwin-arm64/-/binding-darwin-arm64-1.0.0-rc.17.tgz. Extracting by manifest.
1341 silly tarball no local data for @emnapi/core@https://registry.npmjs.org/@emnapi/core/-/core-1.10.0.tgz. Extracting by manifest.
1342 silly tarball no local data for @oxc-project/types@https://registry.npmjs.org/@oxc-project/types/-/types-0.127.0.tgz. Extracting by manifest.
1343 silly tarball no local data for lightningcss-darwin-arm64@https://registry.npmjs.org/lightningcss-darwin-arm64/-/lightningcss-darwin-arm64-1.32.0.tgz. Extracting by manifest.
1344 silly tarball no local data for source-map-js@https://registry.npmjs.org/source-map-js/-/source-map-js-1.2.1.tgz. Extracting by manifest.
1345 silly tarball no local data for detect-libc@https://registry.npmjs.org/detect-libc/-/detect-libc-2.1.2.tgz. Extracting by manifest.
1346 silly tarball no local data for rolldown@https://registry.npmjs.org/rolldown/-/rolldown-1.0.0-rc.17.tgz. Extracting by manifest.
1347 http cache @types/node@https://registry.npmjs.org/@types/node/-/node-24.12.2.tgz 0ms (cache hit)
1348 silly tarball no local data for postcss@https://registry.npmjs.org/postcss/-/postcss-8.5.14.tgz. Extracting by manifest.
1349 silly tarball no local data for fsevents@https://registry.npmjs.org/fsevents/-/fsevents-2.3.3.tgz. Extracting by manifest.
1350 silly tarball no local data for lightningcss@https://registry.npmjs.org/lightningcss/-/lightningcss-1.32.0.tgz. Extracting by manifest.
1351 silly tarball no local data for punycode@https://registry.npmjs.org/punycode/-/punycode-2.3.1.tgz. Extracting by manifest.
1352 silly tarball no local data for picomatch@https://registry.npmjs.org/picomatch/-/picomatch-4.0.4.tgz. Extracting by manifest.
1353 silly tarball no local data for tslib@https://registry.npmjs.org/tslib/-/tslib-2.8.1.tgz. Extracting by manifest.
1354 http cache @eslint/config-array@https://registry.npmjs.org/@eslint/config-array/-/config-array-0.23.5.tgz 0ms (cache hit)
1355 silly tarball no local data for tinyglobby@https://registry.npmjs.org/tinyglobby/-/tinyglobby-0.2.16.tgz. Extracting by manifest.
1356 silly tarball no local data for @typescript-eslint/types@https://registry.npmjs.org/@typescript-eslint/types/-/types-8.59.2.tgz. Extracting by manifest.
1357 silly tarball no local data for @typescript-eslint/project-service@https://registry.npmjs.org/@typescript-eslint/project-service/-/project-service-8.59.2.tgz. Extracting by manifest.
1358 silly tarball no local data for @typescript-eslint/tsconfig-utils@https://registry.npmjs.org/@typescript-eslint/tsconfig-utils/-/tsconfig-utils-8.59.2.tgz. Extracting by manifest.
1359 silly tarball no local data for fdir@https://registry.npmjs.org/fdir/-/fdir-6.5.0.tgz. Extracting by manifest.
1360 http cache @types/react-dom@https://registry.npmjs.org/@types/react-dom/-/react-dom-19.2.3.tgz 0ms (cache hit)
1361 silly tarball no local data for ts-api-utils@https://registry.npmjs.org/ts-api-utils/-/ts-api-utils-2.5.0.tgz. Extracting by manifest.
1362 silly tarball no local data for @typescript-eslint/scope-manager@https://registry.npmjs.org/@typescript-eslint/scope-manager/-/scope-manager-8.59.2.tgz. Extracting by manifest.
1363 silly tarball no local data for @typescript-eslint/visitor-keys@https://registry.npmjs.org/@typescript-eslint/visitor-keys/-/visitor-keys-8.59.2.tgz. Extracting by manifest.
1364 silly tarball no local data for @typescript-eslint/utils@https://registry.npmjs.org/@typescript-eslint/utils/-/utils-8.59.2.tgz. Extracting by manifest.
1365 silly tarball no local data for @typescript-eslint/parser@https://registry.npmjs.org/@typescript-eslint/parser/-/parser-8.59.2.tgz. Extracting by manifest.
1366 silly tarball no local data for @typescript-eslint/type-utils@https://registry.npmjs.org/@typescript-eslint/type-utils/-/type-utils-8.59.2.tgz. Extracting by manifest.
1367 silly tarball no local data for shebang-regex@https://registry.npmjs.org/shebang-regex/-/shebang-regex-3.0.0.tgz. Extracting by manifest.
1368 silly tarball no local data for escalade@https://registry.npmjs.org/escalade/-/escalade-3.2.0.tgz. Extracting by manifest.
1369 silly tarball no local data for @typescript-eslint/typescript-estree@https://registry.npmjs.org/@typescript-eslint/typescript-estree/-/typescript-estree-8.59.2.tgz. Extracting by manifest.
1370 silly tarball no local data for @typescript-eslint/eslint-plugin@https://registry.npmjs.org/@typescript-eslint/eslint-plugin/-/eslint-plugin-8.59.2.tgz. Extracting by manifest.
1371 silly tarball no local data for yocto-queue@https://registry.npmjs.org/yocto-queue/-/yocto-queue-0.1.0.tgz. Extracting by manifest.
1372 silly tarball no local data for p-limit@https://registry.npmjs.org/p-limit/-/p-limit-3.1.0.tgz. Extracting by manifest.
1373 silly tarball no local data for scheduler@https://registry.npmjs.org/scheduler/-/scheduler-0.27.0.tgz. Extracting by manifest.
1374 silly tarball no local data for fast-levenshtein@https://registry.npmjs.org/fast-levenshtein/-/fast-levenshtein-2.0.6.tgz. Extracting by manifest.
1375 silly tarball no local data for brace-expansion@https://registry.npmjs.org/brace-expansion/-/brace-expansion-5.0.5.tgz. Extracting by manifest.
1376 silly tarball no local data for deep-is@https://registry.npmjs.org/deep-is/-/deep-is-0.1.4.tgz. Extracting by manifest.
1377 silly tarball no local data for p-locate@https://registry.npmjs.org/p-locate/-/p-locate-5.0.0.tgz. Extracting by manifest.
1378 silly tarball no local data for balanced-match@https://registry.npmjs.org/balanced-match/-/balanced-match-4.0.4.tgz. Extracting by manifest.
1379 silly tarball no local data for yallist@https://registry.npmjs.org/yallist/-/yallist-3.1.1.tgz. Extracting by manifest.
1380 silly tarball no local data for word-wrap@https://registry.npmjs.org/word-wrap/-/word-wrap-1.2.5.tgz. Extracting by manifest.
1381 silly tarball no local data for prelude-ls@https://registry.npmjs.org/prelude-ls/-/prelude-ls-1.2.1.tgz. Extracting by manifest.
1382 silly tarball no local data for type-check@https://registry.npmjs.org/type-check/-/type-check-0.4.0.tgz. Extracting by manifest.
1383 silly tarball no local data for is-extglob@https://registry.npmjs.org/is-extglob/-/is-extglob-2.1.1.tgz. Extracting by manifest.
1384 silly tarball no local data for json-buffer@https://registry.npmjs.org/json-buffer/-/json-buffer-3.0.1.tgz. Extracting by manifest.
1385 silly tarball no local data for hermes-estree@https://registry.npmjs.org/hermes-estree/-/hermes-estree-0.25.1.tgz. Extracting by manifest.
1386 silly tarball no local data for path-exists@https://registry.npmjs.org/path-exists/-/path-exists-4.0.0.tgz. Extracting by manifest.
1387 silly tarball no local data for flat-cache@https://registry.npmjs.org/flat-cache/-/flat-cache-4.0.1.tgz. Extracting by manifest.
1388 silly tarball no local data for keyv@https://registry.npmjs.org/keyv/-/keyv-4.5.4.tgz. Extracting by manifest.
1389 silly tarball no local data for acorn@https://registry.npmjs.org/acorn/-/acorn-8.16.0.tgz. Extracting by manifest.
1390 silly tarball no local data for acorn-jsx@https://registry.npmjs.org/acorn-jsx/-/acorn-jsx-5.3.2.tgz. Extracting by manifest.
1391 silly tarball no local data for flatted@https://registry.npmjs.org/flatted/-/flatted-3.4.2.tgz. Extracting by manifest.
1392 silly tarball no local data for update-browserslist-db@https://registry.npmjs.org/update-browserslist-db/-/update-browserslist-db-1.2.3.tgz. Extracting by manifest.
1393 silly tarball no local data for @types/esrecurse@https://registry.npmjs.org/@types/esrecurse/-/esrecurse-4.3.1.tgz. Extracting by manifest.
1394 silly tarball no local data for node-releases@https://registry.npmjs.org/node-releases/-/node-releases-2.0.38.tgz. Extracting by manifest.
1395 silly tarball no local data for estraverse@https://registry.npmjs.org/estraverse/-/estraverse-5.3.0.tgz. Extracting by manifest.
1396 silly tarball no local data for esrecurse@https://registry.npmjs.org/esrecurse/-/esrecurse-4.3.0.tgz. Extracting by manifest.
1397 silly tarball no local data for electron-to-chromium@https://registry.npmjs.org/electron-to-chromium/-/electron-to-chromium-1.5.351.tgz. Extracting by manifest.
1398 silly tarball no local data for @jridgewell/resolve-uri@https://registry.npmjs.org/@jridgewell/resolve-uri/-/resolve-uri-3.1.2.tgz. Extracting by manifest.
1399 silly tarball no local data for caniuse-lite@https://registry.npmjs.org/caniuse-lite/-/caniuse-lite-1.0.30001792.tgz. Extracting by manifest.
1400 silly tarball no local data for @jridgewell/sourcemap-codec@https://registry.npmjs.org/@jridgewell/sourcemap-codec/-/sourcemap-codec-1.5.5.tgz. Extracting by manifest.
1401 silly tarball no local data for @babel/helper-globals@https://registry.npmjs.org/@babel/helper-globals/-/helper-globals-7.28.0.tgz. Extracting by manifest.
1402 silly tarball no local data for @babel/helper-module-imports@https://registry.npmjs.org/@babel/helper-module-imports/-/helper-module-imports-7.28.6.tgz. Extracting by manifest.
1403 silly tarball no local data for @babel/helper-string-parser@https://registry.npmjs.org/@babel/helper-string-parser/-/helper-string-parser-7.27.1.tgz. Extracting by manifest.
1404 silly tarball no local data for nanoid@https://registry.npmjs.org/nanoid/-/nanoid-3.3.12.tgz. Extracting by manifest.
1405 silly tarball no local data for browserslist@https://registry.npmjs.org/browserslist/-/browserslist-4.28.2.tgz. Extracting by manifest.
1406 silly tarball no local data for jsesc@https://registry.npmjs.org/jsesc/-/jsesc-3.1.0.tgz. Extracting by manifest.
1407 silly tarball no local data for baseline-browser-mapping@https://registry.npmjs.org/baseline-browser-mapping/-/baseline-browser-mapping-2.10.27.tgz. Extracting by manifest.
1408 silly tarball no local data for @babel/helper-validator-option@https://registry.npmjs.org/@babel/helper-validator-option/-/helper-validator-option-7.27.1.tgz. Extracting by manifest.
1409 silly tarball no local data for lru-cache@https://registry.npmjs.org/lru-cache/-/lru-cache-5.1.1.tgz. Extracting by manifest.
1410 silly tarball no local data for locate-path@https://registry.npmjs.org/locate-path/-/locate-path-6.0.0.tgz. Extracting by manifest.
1411 silly tarball no local data for @jridgewell/trace-mapping@https://registry.npmjs.org/@jridgewell/trace-mapping/-/trace-mapping-0.3.31.tgz. Extracting by manifest.
1412 silly tarball no local data for @jridgewell/gen-mapping@https://registry.npmjs.org/@jridgewell/gen-mapping/-/gen-mapping-0.3.13.tgz. Extracting by manifest.
1413 silly tarball no local data for semver@https://registry.npmjs.org/semver/-/semver-6.3.1.tgz. Extracting by manifest.
1414 silly tarball no local data for js-tokens@https://registry.npmjs.org/js-tokens/-/js-tokens-4.0.0.tgz. Extracting by manifest.
1415 silly tarball no local data for json5@https://registry.npmjs.org/json5/-/json5-2.2.3.tgz. Extracting by manifest.
1416 silly tarball no local data for picocolors@https://registry.npmjs.org/picocolors/-/picocolors-1.1.1.tgz. Extracting by manifest.
1417 silly tarball no local data for @babel/helper-validator-identifier@https://registry.npmjs.org/@babel/helper-validator-identifier/-/helper-validator-identifier-7.28.5.tgz. Extracting by manifest.
1418 silly tarball no local data for convert-source-map@https://registry.npmjs.org/convert-source-map/-/convert-source-map-2.0.0.tgz. Extracting by manifest.
1419 silly tarball no local data for gensync@https://registry.npmjs.org/gensync/-/gensync-1.0.0-beta.2.tgz. Extracting by manifest.
1420 silly tarball no local data for @babel/types@https://registry.npmjs.org/@babel/types/-/types-7.29.0.tgz. Extracting by manifest.
1421 silly tarball no local data for @babel/traverse@https://registry.npmjs.org/@babel/traverse/-/traverse-7.29.0.tgz. Extracting by manifest.
1422 http cache vite@https://registry.npmjs.org/vite/-/vite-8.0.10.tgz 0ms (cache hit)
1423 silly tarball no local data for @babel/helpers@https://registry.npmjs.org/@babel/helpers/-/helpers-7.29.2.tgz. Extracting by manifest.
1424 silly tarball no local data for @jridgewell/remapping@https://registry.npmjs.org/@jridgewell/remapping/-/remapping-2.3.5.tgz. Extracting by manifest.
1425 silly tarball no local data for @babel/template@https://registry.npmjs.org/@babel/template/-/template-7.28.6.tgz. Extracting by manifest.
1426 silly tarball no local data for @babel/generator@https://registry.npmjs.org/@babel/generator/-/generator-7.29.1.tgz. Extracting by manifest.
1427 silly tarball no local data for @babel/helper-module-transforms@https://registry.npmjs.org/@babel/helper-module-transforms/-/helper-module-transforms-7.28.6.tgz. Extracting by manifest.
1428 silly tarball no local data for @babel/code-frame@https://registry.npmjs.org/@babel/code-frame/-/code-frame-7.29.0.tgz. Extracting by manifest.
1429 silly tarball no local data for zod-validation-error@https://registry.npmjs.org/zod-validation-error/-/zod-validation-error-4.0.2.tgz. Extracting by manifest.
1430 silly tarball no local data for @babel/compat-data@https://registry.npmjs.org/@babel/compat-data/-/compat-data-7.29.3.tgz. Extracting by manifest.
1431 silly tarball no local data for zod@https://registry.npmjs.org/zod/-/zod-4.4.3.tgz. Extracting by manifest.
1432 http cache eslint-visitor-keys@https://registry.npmjs.org/eslint-visitor-keys/-/eslint-visitor-keys-3.4.3.tgz 0ms (cache hit)
1433 silly tarball no local data for @babel/helper-compilation-targets@https://registry.npmjs.org/@babel/helper-compilation-targets/-/helper-compilation-targets-7.28.6.tgz. Extracting by manifest.
1434 silly tarball no local data for shebang-command@https://registry.npmjs.org/shebang-command/-/shebang-command-2.0.0.tgz. Extracting by manifest.
1435 silly tarball no local data for ms@https://registry.npmjs.org/ms/-/ms-2.1.3.tgz. Extracting by manifest.
1436 silly tarball no local data for @babel/core@https://registry.npmjs.org/@babel/core/-/core-7.29.0.tgz. Extracting by manifest.
1437 silly tarball no local data for uri-js@https://registry.npmjs.org/uri-js/-/uri-js-4.4.1.tgz. Extracting by manifest.
1438 silly tarball no local data for @babel/parser@https://registry.npmjs.org/@babel/parser/-/parser-7.29.3.tgz. Extracting by manifest.
1439 silly tarball no local data for which@https://registry.npmjs.org/which/-/which-2.0.2.tgz. Extracting by manifest.
1440 silly tarball no local data for levn@https://registry.npmjs.org/levn/-/levn-0.4.1.tgz. Extracting by manifest.
1441 silly tarball no local data for @types/json-schema@https://registry.npmjs.org/@types/json-schema/-/json-schema-7.0.15.tgz. Extracting by manifest.
1442 silly tarball no local data for fast-json-stable-stringify@https://registry.npmjs.org/fast-json-stable-stringify/-/fast-json-stable-stringify-2.1.0.tgz. Extracting by manifest.
1443 silly tarball no local data for @humanfs/types@https://registry.npmjs.org/@humanfs/types/-/types-0.15.0.tgz. Extracting by manifest.
1444 silly tarball no local data for optionator@https://registry.npmjs.org/optionator/-/optionator-0.9.4.tgz. Extracting by manifest.
1445 silly tarball no local data for path-key@https://registry.npmjs.org/path-key/-/path-key-3.1.1.tgz. Extracting by manifest.
1446 silly tarball no local data for @humanfs/core@https://registry.npmjs.org/@humanfs/core/-/core-0.19.2.tgz. Extracting by manifest.
1447 silly tarball no local data for @eslint/object-schema@https://registry.npmjs.org/@eslint/object-schema/-/object-schema-3.0.5.tgz. Extracting by manifest.
1448 silly tarball no local data for json-schema-traverse@https://registry.npmjs.org/json-schema-traverse/-/json-schema-traverse-0.4.1.tgz. Extracting by manifest.
1449 silly tarball no local data for minimatch@https://registry.npmjs.org/minimatch/-/minimatch-10.2.5.tgz. Extracting by manifest.
1450 silly tarball no local data for hermes-parser@https://registry.npmjs.org/hermes-parser/-/hermes-parser-0.25.1.tgz. Extracting by manifest.
1451 silly tarball no local data for json-stable-stringify-without-jsonify@https://registry.npmjs.org/json-stable-stringify-without-jsonify/-/json-stable-stringify-without-jsonify-1.0.1.tgz. Extracting by manifest.
1452 silly tarball no local data for natural-compare@https://registry.npmjs.org/natural-compare/-/natural-compare-1.4.0.tgz. Extracting by manifest.
1453 silly tarball no local data for is-glob@https://registry.npmjs.org/is-glob/-/is-glob-4.0.3.tgz. Extracting by manifest.
1454 silly tarball no local data for glob-parent@https://registry.npmjs.org/glob-parent/-/glob-parent-6.0.2.tgz. Extracting by manifest.
1455 silly tarball no local data for imurmurhash@https://registry.npmjs.org/imurmurhash/-/imurmurhash-0.1.4.tgz. Extracting by manifest.
1456 silly tarball no local data for fast-deep-equal@https://registry.npmjs.org/fast-deep-equal/-/fast-deep-equal-3.1.3.tgz. Extracting by manifest.
1457 silly tarball no local data for find-up@https://registry.npmjs.org/find-up/-/find-up-5.0.0.tgz. Extracting by manifest.
1458 silly tarball no local data for file-entry-cache@https://registry.npmjs.org/file-entry-cache/-/file-entry-cache-8.0.0.tgz. Extracting by manifest.
1459 silly tarball no local data for ignore@https://registry.npmjs.org/ignore/-/ignore-5.3.2.tgz. Extracting by manifest.
1460 silly tarball no local data for esquery@https://registry.npmjs.org/esquery/-/esquery-1.7.0.tgz. Extracting by manifest.
1461 silly tarball no local data for eslint-visitor-keys@https://registry.npmjs.org/eslint-visitor-keys/-/eslint-visitor-keys-5.0.1.tgz. Extracting by manifest.
1462 silly tarball no local data for espree@https://registry.npmjs.org/espree/-/espree-11.2.0.tgz. Extracting by manifest.
1463 silly tarball no local data for eslint-scope@https://registry.npmjs.org/eslint-scope/-/eslint-scope-9.1.2.tgz. Extracting by manifest.
1464 silly tarball no local data for cross-spawn@https://registry.npmjs.org/cross-spawn/-/cross-spawn-7.0.6.tgz. Extracting by manifest.
1465 silly tarball no local data for escape-string-regexp@https://registry.npmjs.org/escape-string-regexp/-/escape-string-regexp-4.0.0.tgz. Extracting by manifest.
1466 silly tarball no local data for @types/estree@https://registry.npmjs.org/@types/estree/-/estree-1.0.8.tgz. Extracting by manifest.
1467 silly tarball no local data for @humanwhocodes/module-importer@https://registry.npmjs.org/@humanwhocodes/module-importer/-/module-importer-1.0.1.tgz. Extracting by manifest.
1468 silly tarball no local data for esutils@https://registry.npmjs.org/esutils/-/esutils-2.0.3.tgz. Extracting by manifest.
1469 silly tarball no local data for debug@https://registry.npmjs.org/debug/-/debug-4.4.3.tgz. Extracting by manifest.
1470 silly tarball no local data for @humanwhocodes/retry@https://registry.npmjs.org/@humanwhocodes/retry/-/retry-0.4.3.tgz. Extracting by manifest.
1471 silly tarball no local data for ajv@https://registry.npmjs.org/ajv/-/ajv-6.15.0.tgz. Extracting by manifest.
1472 silly tarball no local data for @eslint/config-helpers@https://registry.npmjs.org/@eslint/config-helpers/-/config-helpers-0.5.5.tgz. Extracting by manifest.
1473 silly tarball no local data for @humanfs/node@https://registry.npmjs.org/@humanfs/node/-/node-0.16.8.tgz. Extracting by manifest.
1474 silly tarball no local data for @eslint/plugin-kit@https://registry.npmjs.org/@eslint/plugin-kit/-/plugin-kit-0.7.1.tgz. Extracting by manifest.
1475 silly tarball no local data for @rolldown/pluginutils@https://registry.npmjs.org/@rolldown/pluginutils/-/pluginutils-1.0.0-rc.7.tgz. Extracting by manifest.
1476 silly tarball no local data for undici-types@https://registry.npmjs.org/undici-types/-/undici-types-7.16.0.tgz. Extracting by manifest.
1477 silly tarball no local data for typescript-eslint@https://registry.npmjs.org/typescript-eslint/-/typescript-eslint-8.59.2.tgz. Extracting by manifest.
1478 silly tarball no local data for react-dom@https://registry.npmjs.org/react-dom/-/react-dom-19.2.6.tgz. Extracting by manifest.
1479 silly tarball no local data for @eslint-community/regexpp@https://registry.npmjs.org/@eslint-community/regexpp/-/regexpp-4.12.2.tgz. Extracting by manifest.
1480 silly tarball no local data for csstype@https://registry.npmjs.org/csstype/-/csstype-3.2.3.tgz. Extracting by manifest.
1481 silly tarball no local data for typescript@https://registry.npmjs.org/typescript/-/typescript-6.0.3.tgz. Extracting by manifest.
1482 silly tarball no local data for eslint-plugin-react-refresh@https://registry.npmjs.org/eslint-plugin-react-refresh/-/eslint-plugin-react-refresh-0.5.2.tgz. Extracting by manifest.
1483 silly tarball no local data for eslint-plugin-react-hooks@https://registry.npmjs.org/eslint-plugin-react-hooks/-/eslint-plugin-react-hooks-7.1.1.tgz. Extracting by manifest.
1484 silly tarball no local data for @eslint/core@https://registry.npmjs.org/@eslint/core/-/core-1.2.1.tgz. Extracting by manifest.
1485 silly tarball no local data for @eslint-community/eslint-utils@https://registry.npmjs.org/@eslint-community/eslint-utils/-/eslint-utils-4.9.1.tgz. Extracting by manifest.
1486 silly tarball no local data for globals@https://registry.npmjs.org/globals/-/globals-17.6.0.tgz. Extracting by manifest.
1487 silly tarball no local data for @types/react@https://registry.npmjs.org/@types/react/-/react-19.2.14.tgz. Extracting by manifest.
1488 silly tarball no local data for @vitejs/plugin-react@https://registry.npmjs.org/@vitejs/plugin-react/-/plugin-react-6.0.1.tgz. Extracting by manifest.
1489 silly tarball no local data for @rolldown/pluginutils@https://registry.npmjs.org/@rolldown/pluginutils/-/pluginutils-1.0.0-rc.17.tgz. Extracting by manifest.
1490 silly tarball no local data for @eslint/js@https://registry.npmjs.org/@eslint/js/-/js-10.0.1.tgz. Extracting by manifest.
1491 silly tarball no local data for semver@https://registry.npmjs.org/semver/-/semver-7.7.4.tgz. Extracting by manifest.
1492 silly tarball no local data for ignore@https://registry.npmjs.org/ignore/-/ignore-7.0.5.tgz. Extracting by manifest.
1493 silly tarball no local data for react@https://registry.npmjs.org/react/-/react-19.2.6.tgz. Extracting by manifest.
1494 silly tarball no local data for eslint@https://registry.npmjs.org/eslint/-/eslint-10.3.0.tgz. Extracting by manifest.
1495 silly tarball no local data for @types/node@https://registry.npmjs.org/@types/node/-/node-24.12.2.tgz. Extracting by manifest.
1496 silly tarball no local data for @eslint/config-array@https://registry.npmjs.org/@eslint/config-array/-/config-array-0.23.5.tgz. Extracting by manifest.
1497 silly tarball no local data for @types/react-dom@https://registry.npmjs.org/@types/react-dom/-/react-dom-19.2.3.tgz. Extracting by manifest.
1498 silly tarball no local data for vite@https://registry.npmjs.org/vite/-/vite-8.0.10.tgz. Extracting by manifest.
1499 silly tarball no local data for eslint-visitor-keys@https://registry.npmjs.org/eslint-visitor-keys/-/eslint-visitor-keys-3.4.3.tgz. Extracting by manifest.
1500 http fetch GET 200 https://registry.npmjs.org/isexe/-/isexe-2.0.0.tgz 91ms (cache miss)
1501 http fetch GET 200 https://registry.npmjs.org/@emnapi/wasi-threads/-/wasi-threads-1.2.1.tgz 97ms (cache miss)
1502 http fetch GET 200 https://registry.npmjs.org/punycode/-/punycode-2.3.1.tgz 131ms (cache miss)
1503 http fetch GET 200 https://registry.npmjs.org/picomatch/-/picomatch-4.0.4.tgz 133ms (cache miss)
1504 http fetch GET 200 https://registry.npmjs.org/tslib/-/tslib-2.8.1.tgz 137ms (cache miss)
1505 http fetch GET 200 https://registry.npmjs.org/tinyglobby/-/tinyglobby-0.2.16.tgz 141ms (cache miss)
1506 http fetch GET 200 https://registry.npmjs.org/@emnapi/runtime/-/runtime-1.10.0.tgz 144ms (cache miss)
1507 http fetch GET 200 https://registry.npmjs.org/lightningcss/-/lightningcss-1.32.0.tgz 142ms (cache miss)
1508 http fetch GET 200 https://registry.npmjs.org/@tybys/wasm-util/-/wasm-util-0.10.2.tgz 150ms (cache miss)
1509 http fetch GET 200 https://registry.npmjs.org/fdir/-/fdir-6.5.0.tgz 157ms (cache miss)
1510 http fetch POST 200 https://registry.npmjs.org/-/npm/v1/security/advisories/bulk 190ms
1511 silly audit report {}
1512 http fetch GET 200 https://registry.npmjs.org/@typescript-eslint/project-service/-/project-service-8.59.2.tgz 164ms (cache miss)
1513 http fetch GET 200 https://registry.npmjs.org/@typescript-eslint/tsconfig-utils/-/tsconfig-utils-8.59.2.tgz 167ms (cache miss)
1514 http fetch GET 200 https://registry.npmjs.org/@typescript-eslint/types/-/types-8.59.2.tgz 183ms (cache miss)
1515 http fetch GET 200 https://registry.npmjs.org/detect-libc/-/detect-libc-2.1.2.tgz 187ms (cache miss)
1516 http fetch GET 200 https://registry.npmjs.org/@oxc-project/types/-/types-0.127.0.tgz 189ms (cache miss)
1517 http fetch GET 200 https://registry.npmjs.org/ts-api-utils/-/ts-api-utils-2.5.0.tgz 191ms (cache miss)
1518 http fetch GET 200 https://registry.npmjs.org/postcss/-/postcss-8.5.14.tgz 192ms (cache miss)
1519 http fetch GET 200 https://registry.npmjs.org/source-map-js/-/source-map-js-1.2.1.tgz 194ms (cache miss)
1520 http fetch GET 200 https://registry.npmjs.org/fsevents/-/fsevents-2.3.3.tgz 194ms (cache miss)
1521 http fetch GET 200 https://registry.npmjs.org/@napi-rs/wasm-runtime/-/wasm-runtime-1.1.4.tgz 205ms (cache miss)
1522 http fetch GET 200 https://registry.npmjs.org/escalade/-/escalade-3.2.0.tgz 212ms (cache miss)
1523 http fetch GET 200 https://registry.npmjs.org/@typescript-eslint/visitor-keys/-/visitor-keys-8.59.2.tgz 214ms (cache miss)
1524 http fetch GET 200 https://registry.npmjs.org/shebang-regex/-/shebang-regex-3.0.0.tgz 217ms (cache miss)
1525 http fetch GET 200 https://registry.npmjs.org/@typescript-eslint/parser/-/parser-8.59.2.tgz 226ms (cache miss)
1526 http fetch GET 200 https://registry.npmjs.org/rolldown/-/rolldown-1.0.0-rc.17.tgz 229ms (cache miss)
1527 http fetch GET 200 https://registry.npmjs.org/p-limit/-/p-limit-3.1.0.tgz 239ms (cache miss)
1528 http fetch GET 200 https://registry.npmjs.org/yocto-queue/-/yocto-queue-0.1.0.tgz 240ms (cache miss)
1529 http fetch GET 200 https://registry.npmjs.org/deep-is/-/deep-is-0.1.4.tgz 249ms (cache miss)
1530 http fetch GET 200 https://registry.npmjs.org/scheduler/-/scheduler-0.27.0.tgz 251ms (cache miss)
1531 http fetch GET 200 https://registry.npmjs.org/@typescript-eslint/type-utils/-/type-utils-8.59.2.tgz 251ms (cache miss)
1532 http fetch GET 200 https://registry.npmjs.org/brace-expansion/-/brace-expansion-5.0.5.tgz 253ms (cache miss)
1533 http fetch GET 200 https://registry.npmjs.org/p-locate/-/p-locate-5.0.0.tgz 254ms (cache miss)
1534 http fetch GET 200 https://registry.npmjs.org/fast-levenshtein/-/fast-levenshtein-2.0.6.tgz 255ms (cache miss)
1535 http fetch GET 200 https://registry.npmjs.org/yallist/-/yallist-3.1.1.tgz 272ms (cache miss)
1536 http fetch GET 200 https://registry.npmjs.org/is-extglob/-/is-extglob-2.1.1.tgz 285ms (cache miss)
1537 http fetch GET 200 https://registry.npmjs.org/word-wrap/-/word-wrap-1.2.5.tgz 286ms (cache miss)
1538 http fetch GET 200 https://registry.npmjs.org/type-check/-/type-check-0.4.0.tgz 287ms (cache miss)
1539 http fetch GET 200 https://registry.npmjs.org/keyv/-/keyv-4.5.4.tgz 287ms (cache miss)
1540 http fetch GET 200 https://registry.npmjs.org/json-buffer/-/json-buffer-3.0.1.tgz 289ms (cache miss)
1541 http fetch GET 200 https://registry.npmjs.org/path-exists/-/path-exists-4.0.0.tgz 292ms (cache miss)
1542 http fetch GET 200 https://registry.npmjs.org/balanced-match/-/balanced-match-4.0.4.tgz 293ms (cache miss)
1543 http fetch GET 200 https://registry.npmjs.org/flat-cache/-/flat-cache-4.0.1.tgz 292ms (cache miss)
1544 http fetch GET 200 https://registry.npmjs.org/prelude-ls/-/prelude-ls-1.2.1.tgz 295ms (cache miss)
1545 http fetch GET 200 https://registry.npmjs.org/acorn-jsx/-/acorn-jsx-5.3.2.tgz 325ms (cache miss)
1546 http fetch GET 200 https://registry.npmjs.org/@types/esrecurse/-/esrecurse-4.3.1.tgz 326ms (cache miss)
1547 http fetch GET 200 https://registry.npmjs.org/estraverse/-/estraverse-5.3.0.tgz 327ms (cache miss)
1548 http fetch GET 200 https://registry.npmjs.org/flatted/-/flatted-3.4.2.tgz 329ms (cache miss)
1549 http fetch GET 200 https://registry.npmjs.org/hermes-estree/-/hermes-estree-0.25.1.tgz 330ms (cache miss)
1550 http fetch GET 200 https://registry.npmjs.org/node-releases/-/node-releases-2.0.38.tgz 330ms (cache miss)
1551 http fetch GET 200 https://registry.npmjs.org/update-browserslist-db/-/update-browserslist-db-1.2.3.tgz 331ms (cache miss)
1552 http fetch GET 200 https://registry.npmjs.org/esrecurse/-/esrecurse-4.3.0.tgz 333ms (cache miss)
1553 http fetch GET 200 https://registry.npmjs.org/acorn/-/acorn-8.16.0.tgz 336ms (cache miss)
1554 http fetch GET 200 https://registry.npmjs.org/@typescript-eslint/utils/-/utils-8.59.2.tgz 343ms (cache miss)
1555 http fetch GET 200 https://registry.npmjs.org/electron-to-chromium/-/electron-to-chromium-1.5.351.tgz 346ms (cache miss)
1556 http fetch GET 200 https://registry.npmjs.org/nanoid/-/nanoid-3.3.12.tgz 353ms (cache miss)
1557 http fetch GET 200 https://registry.npmjs.org/@babel/helper-globals/-/helper-globals-7.28.0.tgz 357ms (cache miss)
1558 http fetch GET 200 https://registry.npmjs.org/@jridgewell/resolve-uri/-/resolve-uri-3.1.2.tgz 358ms (cache miss)
1559 http fetch GET 200 https://registry.npmjs.org/@babel/helper-string-parser/-/helper-string-parser-7.27.1.tgz 357ms (cache miss)
1560 http fetch GET 200 https://registry.npmjs.org/@babel/helper-module-imports/-/helper-module-imports-7.28.6.tgz 358ms (cache miss)
1561 http fetch GET 200 https://registry.npmjs.org/jsesc/-/jsesc-3.1.0.tgz 358ms (cache miss)
1562 http fetch GET 200 https://registry.npmjs.org/browserslist/-/browserslist-4.28.2.tgz 362ms (cache miss)
1563 http fetch GET 200 https://registry.npmjs.org/@babel/helper-validator-option/-/helper-validator-option-7.27.1.tgz 364ms (cache miss)
1564 http fetch GET 200 https://registry.npmjs.org/@typescript-eslint/typescript-estree/-/typescript-estree-8.59.2.tgz 369ms (cache miss)
1565 http fetch GET 200 https://registry.npmjs.org/@jridgewell/sourcemap-codec/-/sourcemap-codec-1.5.5.tgz 368ms (cache miss)
1566 http fetch GET 200 https://registry.npmjs.org/lru-cache/-/lru-cache-5.1.1.tgz 416ms (cache miss)
1567 http fetch GET 200 https://registry.npmjs.org/js-tokens/-/js-tokens-4.0.0.tgz 416ms (cache miss)
1568 http fetch GET 200 https://registry.npmjs.org/gensync/-/gensync-1.0.0-beta.2.tgz 416ms (cache miss)
1569 http fetch GET 200 https://registry.npmjs.org/picocolors/-/picocolors-1.1.1.tgz 416ms (cache miss)
1570 http fetch GET 200 https://registry.npmjs.org/convert-source-map/-/convert-source-map-2.0.0.tgz 416ms (cache miss)
1571 http fetch GET 200 https://registry.npmjs.org/semver/-/semver-6.3.1.tgz 417ms (cache miss)
1572 http fetch GET 200 https://registry.npmjs.org/locate-path/-/locate-path-6.0.0.tgz 418ms (cache miss)
1573 http fetch GET 200 https://registry.npmjs.org/baseline-browser-mapping/-/baseline-browser-mapping-2.10.27.tgz 423ms (cache miss)
1574 http fetch GET 200 https://registry.npmjs.org/@babel/helper-validator-identifier/-/helper-validator-identifier-7.28.5.tgz 423ms (cache miss)
1575 http fetch GET 200 https://registry.npmjs.org/json5/-/json5-2.2.3.tgz 432ms (cache miss)
1576 http fetch GET 200 https://registry.npmjs.org/@jridgewell/gen-mapping/-/gen-mapping-0.3.13.tgz 445ms (cache miss)
1577 http fetch GET 200 https://registry.npmjs.org/shebang-command/-/shebang-command-2.0.0.tgz 445ms (cache miss)
1578 http fetch GET 200 https://registry.npmjs.org/@babel/compat-data/-/compat-data-7.29.3.tgz 449ms (cache miss)
1579 http fetch GET 200 https://registry.npmjs.org/@jridgewell/remapping/-/remapping-2.3.5.tgz 449ms (cache miss)
1580 http fetch GET 200 https://registry.npmjs.org/@babel/code-frame/-/code-frame-7.29.0.tgz 452ms (cache miss)
1581 http fetch GET 200 https://registry.npmjs.org/@babel/helper-compilation-targets/-/helper-compilation-targets-7.28.6.tgz 455ms (cache miss)
1582 http fetch GET 200 https://registry.npmjs.org/@jridgewell/trace-mapping/-/trace-mapping-0.3.31.tgz 463ms (cache miss)
1583 http fetch GET 200 https://registry.npmjs.org/zod-validation-error/-/zod-validation-error-4.0.2.tgz 462ms (cache miss)
1584 http fetch GET 200 https://registry.npmjs.org/ms/-/ms-2.1.3.tgz 460ms (cache miss)
1585 http fetch GET 200 https://registry.npmjs.org/@babel/template/-/template-7.28.6.tgz 464ms (cache miss)
1586 http fetch GET 200 https://registry.npmjs.org/@babel/helper-module-transforms/-/helper-module-transforms-7.28.6.tgz 472ms (cache miss)
1587 http fetch GET 200 https://registry.npmjs.org/which/-/which-2.0.2.tgz 484ms (cache miss)
1588 http fetch GET 200 https://registry.npmjs.org/optionator/-/optionator-0.9.4.tgz 483ms (cache miss)
1589 http fetch GET 200 https://registry.npmjs.org/path-key/-/path-key-3.1.1.tgz 484ms (cache miss)
1590 http fetch GET 200 https://registry.npmjs.org/levn/-/levn-0.4.1.tgz 486ms (cache miss)
1591 http fetch GET 200 https://registry.npmjs.org/fast-json-stable-stringify/-/fast-json-stable-stringify-2.1.0.tgz 487ms (cache miss)
1592 http fetch GET 200 https://registry.npmjs.org/@types/json-schema/-/json-schema-7.0.15.tgz 501ms (cache miss)
1593 http fetch GET 200 https://registry.npmjs.org/json-stable-stringify-without-jsonify/-/json-stable-stringify-without-jsonify-1.0.1.tgz 511ms (cache miss)
1594 http fetch GET 200 https://registry.npmjs.org/fast-deep-equal/-/fast-deep-equal-3.1.3.tgz 515ms (cache miss)
1595 http fetch GET 200 https://registry.npmjs.org/is-glob/-/is-glob-4.0.3.tgz 517ms (cache miss)
1596 http fetch GET 200 https://registry.npmjs.org/json-schema-traverse/-/json-schema-traverse-0.4.1.tgz 517ms (cache miss)
1597 http fetch GET 200 https://registry.npmjs.org/natural-compare/-/natural-compare-1.4.0.tgz 518ms (cache miss)
1598 http fetch GET 200 https://registry.npmjs.org/glob-parent/-/glob-parent-6.0.2.tgz 518ms (cache miss)
1599 http fetch GET 200 https://registry.npmjs.org/@eslint/object-schema/-/object-schema-3.0.5.tgz 519ms (cache miss)
1600 http fetch GET 200 https://registry.npmjs.org/@humanfs/core/-/core-0.19.2.tgz 520ms (cache miss)
1601 http fetch GET 200 https://registry.npmjs.org/@humanfs/types/-/types-0.15.0.tgz 521ms (cache miss)
1602 http fetch GET 200 https://registry.npmjs.org/imurmurhash/-/imurmurhash-0.1.4.tgz 519ms (cache miss)
1603 http fetch GET 200 https://registry.npmjs.org/file-entry-cache/-/file-entry-cache-8.0.0.tgz 523ms (cache miss)
1604 http fetch GET 200 https://registry.npmjs.org/find-up/-/find-up-5.0.0.tgz 524ms (cache miss)
1605 http fetch GET 200 https://registry.npmjs.org/ignore/-/ignore-5.3.2.tgz 526ms (cache miss)
1606 http fetch GET 200 https://registry.npmjs.org/eslint-visitor-keys/-/eslint-visitor-keys-5.0.1.tgz 527ms (cache miss)
1607 http fetch GET 200 https://registry.npmjs.org/@babel/generator/-/generator-7.29.1.tgz 555ms (cache miss)
1608 http fetch GET 200 https://registry.npmjs.org/cross-spawn/-/cross-spawn-7.0.6.tgz 539ms (cache miss)
1609 http fetch GET 200 https://registry.npmjs.org/espree/-/espree-11.2.0.tgz 542ms (cache miss)
1610 http fetch GET 200 https://registry.npmjs.org/esutils/-/esutils-2.0.3.tgz 544ms (cache miss)
1611 http fetch GET 200 https://registry.npmjs.org/debug/-/debug-4.4.3.tgz 544ms (cache miss)
1612 http fetch GET 200 https://registry.npmjs.org/escape-string-regexp/-/escape-string-regexp-4.0.0.tgz 552ms (cache miss)
1613 http fetch GET 200 https://registry.npmjs.org/uri-js/-/uri-js-4.4.1.tgz 591ms (cache miss)
1614 http fetch GET 200 https://registry.npmjs.org/eslint-scope/-/eslint-scope-9.1.2.tgz 601ms (cache miss)
1615 http fetch GET 200 https://registry.npmjs.org/@humanwhocodes/retry/-/retry-0.4.3.tgz 602ms (cache miss)
1616 http fetch GET 200 https://registry.npmjs.org/typescript-eslint/-/typescript-eslint-8.59.2.tgz 601ms (cache miss)
1617 http fetch GET 200 https://registry.npmjs.org/eslint-plugin-react-refresh/-/eslint-plugin-react-refresh-0.5.2.tgz 603ms (cache miss)
1618 http fetch GET 200 https://registry.npmjs.org/@types/estree/-/estree-1.0.8.tgz 607ms (cache miss)
1619 http fetch GET 200 https://registry.npmjs.org/@rolldown/pluginutils/-/pluginutils-1.0.0-rc.7.tgz 606ms (cache miss)
1620 http fetch GET 200 https://registry.npmjs.org/@humanfs/node/-/node-0.16.8.tgz 606ms (cache miss)
1621 http fetch GET 200 https://registry.npmjs.org/@humanwhocodes/module-importer/-/module-importer-1.0.1.tgz 608ms (cache miss)
1622 http fetch GET 200 https://registry.npmjs.org/@eslint/config-helpers/-/config-helpers-0.5.5.tgz 612ms (cache miss)
1623 http fetch GET 200 https://registry.npmjs.org/@eslint/core/-/core-1.2.1.tgz 616ms (cache miss)
1624 http fetch GET 200 https://registry.npmjs.org/@emnapi/core/-/core-1.10.0.tgz 648ms (cache miss)
1625 http fetch GET 200 https://registry.npmjs.org/@eslint/plugin-kit/-/plugin-kit-0.7.1.tgz 620ms (cache miss)
1626 http fetch GET 200 https://registry.npmjs.org/globals/-/globals-17.6.0.tgz 620ms (cache miss)
1627 http fetch GET 200 https://registry.npmjs.org/ignore/-/ignore-7.0.5.tgz 628ms (cache miss)
1628 http fetch GET 200 https://registry.npmjs.org/@typescript-eslint/scope-manager/-/scope-manager-8.59.2.tgz 671ms (cache miss)
1629 http fetch GET 200 https://registry.npmjs.org/@eslint-community/regexpp/-/regexpp-4.12.2.tgz 644ms (cache miss)
1630 http fetch GET 200 https://registry.npmjs.org/@vitejs/plugin-react/-/plugin-react-6.0.1.tgz 658ms (cache miss)
1631 http fetch GET 200 https://registry.npmjs.org/@rolldown/pluginutils/-/pluginutils-1.0.0-rc.17.tgz 661ms (cache miss)
1632 http fetch GET 200 https://registry.npmjs.org/minimatch/-/minimatch-10.2.5.tgz 676ms (cache miss)
1633 http fetch GET 200 https://registry.npmjs.org/undici-types/-/undici-types-7.16.0.tgz 667ms (cache miss)
1634 http fetch GET 200 https://registry.npmjs.org/@eslint-community/eslint-utils/-/eslint-utils-4.9.1.tgz 667ms (cache miss)
1635 http fetch GET 200 https://registry.npmjs.org/eslint-visitor-keys/-/eslint-visitor-keys-3.4.3.tgz 642ms (cache miss)
1636 http fetch GET 200 https://registry.npmjs.org/@types/react/-/react-19.2.14.tgz 688ms (cache miss)
1637 http fetch GET 200 https://registry.npmjs.org/@babel/traverse/-/traverse-7.29.0.tgz 720ms (cache miss)
1638 http fetch GET 200 https://registry.npmjs.org/esquery/-/esquery-1.7.0.tgz 708ms (cache miss)
1639 http fetch GET 200 https://registry.npmjs.org/@types/react-dom/-/react-dom-19.2.3.tgz 687ms (cache miss)
1640 http fetch GET 200 https://registry.npmjs.org/react/-/react-19.2.6.tgz 709ms (cache miss)
1641 http fetch GET 200 https://registry.npmjs.org/@babel/parser/-/parser-7.29.3.tgz 728ms (cache miss)
1642 http fetch GET 200 https://registry.npmjs.org/hermes-parser/-/hermes-parser-0.25.1.tgz 726ms (cache miss)
1643 http fetch GET 200 https://registry.npmjs.org/semver/-/semver-7.7.4.tgz 716ms (cache miss)
1644 http fetch GET 200 https://registry.npmjs.org/csstype/-/csstype-3.2.3.tgz 721ms (cache miss)
1645 http fetch GET 200 https://registry.npmjs.org/@eslint/config-array/-/config-array-0.23.5.tgz 715ms (cache miss)
1646 http fetch GET 200 https://registry.npmjs.org/@babel/core/-/core-7.29.0.tgz 783ms (cache miss)
1647 http fetch GET 200 https://registry.npmjs.org/ajv/-/ajv-6.15.0.tgz 779ms (cache miss)
1648 http fetch GET 200 https://registry.npmjs.org/@eslint/js/-/js-10.0.1.tgz 792ms (cache miss)
1649 http fetch GET 200 https://registry.npmjs.org/@babel/helpers/-/helpers-7.29.2.tgz 851ms (cache miss)
1650 http fetch GET 200 https://registry.npmjs.org/lightningcss-darwin-arm64/-/lightningcss-darwin-arm64-1.32.0.tgz 863ms (cache miss)
1651 http fetch GET 200 https://registry.npmjs.org/vite/-/vite-8.0.10.tgz 805ms (cache miss)
1652 http fetch GET 200 https://registry.npmjs.org/eslint-plugin-react-hooks/-/eslint-plugin-react-hooks-7.1.1.tgz 852ms (cache miss)
1653 http fetch GET 200 https://registry.npmjs.org/@babel/types/-/types-7.29.0.tgz 888ms (cache miss)
1654 http fetch GET 200 https://registry.npmjs.org/@types/node/-/node-24.12.2.tgz 860ms (cache miss)
1655 http fetch GET 200 https://registry.npmjs.org/@typescript-eslint/eslint-plugin/-/eslint-plugin-8.59.2.tgz 929ms (cache miss)
1656 http fetch GET 200 https://registry.npmjs.org/react-dom/-/react-dom-19.2.6.tgz 937ms (cache miss)
1657 http fetch GET 200 https://registry.npmjs.org/eslint/-/eslint-10.3.0.tgz 1003ms (cache miss)
1658 http fetch GET 200 https://registry.npmjs.org/caniuse-lite/-/caniuse-lite-1.0.30001792.tgz 1040ms (cache miss)
1659 http fetch GET 200 https://registry.npmjs.org/@rolldown/binding-darwin-arm64/-/binding-darwin-arm64-1.0.0-rc.17.tgz 1087ms (cache miss)
1660 http fetch GET 200 https://registry.npmjs.org/zod/-/zod-4.4.3.tgz 1081ms (cache miss)
1661 http fetch GET 200 https://registry.npmjs.org/typescript/-/typescript-6.0.3.tgz 1109ms (cache miss)
1662 info run fsevents@2.3.3 install node_modules/fsevents node-gyp rebuild
1663 info run fsevents@2.3.3 install { code: 1, signal: null }
1664 verbose reify failed optional dependency /Users/soledadarismendi/Sites/Laboratoryum/web/node_modules/fsevents
1665 silly reify mark deleted [
1665 silly reify   '/Users/soledadarismendi/Sites/Laboratoryum/web/node_modules/fsevents'
1665 silly reify ]
1666 silly ADD node_modules/isexe
1667 silly ADD
1668 silly ADD
1669 silly ADD
1670 silly ADD
1671 silly ADD
1672 silly ADD
1673 silly ADD
1674 silly ADD
1675 silly ADD
1676 silly ADD
1677 silly ADD
1678 silly ADD
1679 silly ADD
1680 silly ADD
1681 silly ADD
1682 silly ADD
1683 silly ADD
1684 silly ADD
1685 silly ADD
1686 silly ADD node_modules/@rolldown/binding-darwin-arm64
1687 silly ADD
1688 silly ADD node_modules/@oxc-project/types
1689 silly ADD node_modules/source-map-js
1690 silly ADD node_modules/nanoid
1691 silly ADD
1692 silly ADD
1693 silly ADD
1694 silly ADD
1695 silly ADD
1696 silly ADD
1697 silly ADD
1698 silly ADD
1699 silly ADD
1700 silly ADD node_modules/lightningcss-darwin-arm64
1701 silly ADD
1702 silly ADD node_modules/detect-libc
1703 silly ADD node_modules/rolldown
1704 silly ADD node_modules/rolldown/node_modules/@rolldown/pluginutils
1705 silly ADD node_modules/postcss
1706 silly ADD node_modules/lightningcss
1707 silly ADD
1708 silly ADD node_modules/punycode
1709 silly ADD node_modules/escalade
1710 silly ADD node_modules/picomatch
1711 silly ADD node_modules/fdir
1712 silly ADD node_modules/tinyglobby
1713 silly ADD node_modules/@typescript-eslint/tsconfig-utils
1714 silly ADD node_modules/@typescript-eslint/project-service
1715 silly ADD node_modules/@typescript-eslint/types
1716 silly ADD node_modules/ts-api-utils
1717 silly ADD node_modules/@typescript-eslint/visitor-keys
1718 silly ADD node_modules/@typescript-eslint/type-utils
1719 silly ADD node_modules/@typescript-eslint/scope-manager
1720 silly ADD node_modules/@typescript-eslint/utils
1721 silly ADD node_modules/@typescript-eslint/typescript-estree
1722 silly ADD node_modules/@typescript-eslint/typescript-estree/node_modules/semver
1723 silly ADD node_modules/@typescript-eslint/parser
1724 silly ADD node_modules/@typescript-eslint/eslint-plugin
1725 silly ADD node_modules/@typescript-eslint/eslint-plugin/node_modules/ignore
1726 silly ADD node_modules/shebang-regex
1727 silly ADD node_modules/scheduler
1728 silly ADD node_modules/yocto-queue
1729 silly ADD node_modules/p-limit
1730 silly ADD node_modules/word-wrap
1731 silly ADD node_modules/fast-levenshtein
1732 silly ADD node_modules/deep-is
1733 silly ADD node_modules/balanced-match
1734 silly ADD node_modules/brace-expansion
1735 silly ADD node_modules/yallist
1736 silly ADD node_modules/p-locate
1737 silly ADD node_modules/type-check
1738 silly ADD node_modules/prelude-ls
1739 silly ADD node_modules/json-buffer
1740 silly ADD node_modules/is-extglob
1741 silly ADD node_modules/hermes-estree
1742 silly ADD node_modules/keyv
1743 silly ADD node_modules/flatted
1744 silly ADD node_modules/path-exists
1745 silly ADD node_modules/locate-path
1746 silly ADD node_modules/flat-cache
1747 silly ADD node_modules/acorn-jsx
1748 silly ADD node_modules/acorn
1749 silly ADD node_modules/estraverse
1750 silly ADD node_modules/esrecurse
1751 silly ADD node_modules/@types/esrecurse
1752 silly ADD node_modules/update-browserslist-db
1753 silly ADD node_modules/node-releases
1754 silly ADD node_modules/electron-to-chromium
1755 silly ADD node_modules/caniuse-lite
1756 silly ADD node_modules/baseline-browser-mapping
1757 silly ADD node_modules/@jridgewell/resolve-uri
1758 silly ADD node_modules/@jridgewell/sourcemap-codec
1759 silly ADD node_modules/@babel/helper-string-parser
1760 silly ADD node_modules/@babel/helper-globals
1761 silly ADD node_modules/@babel/helper-module-imports
1762 silly ADD node_modules/lru-cache
1763 silly ADD node_modules/browserslist
1764 silly ADD node_modules/@babel/helper-validator-option
1765 silly ADD node_modules/@babel/compat-data
1766 silly ADD node_modules/jsesc
1767 silly ADD node_modules/@jridgewell/trace-mapping
1768 silly ADD node_modules/@jridgewell/gen-mapping
1769 silly ADD node_modules/picocolors
1770 silly ADD node_modules/js-tokens
1771 silly ADD node_modules/@babel/helper-validator-identifier
1772 silly ADD node_modules/semver
1773 silly ADD node_modules/json5
1774 silly ADD node_modules/gensync
1775 silly ADD node_modules/convert-source-map
1776 silly ADD node_modules/@jridgewell/remapping
1777 silly ADD node_modules/@babel/types
1778 silly ADD node_modules/@babel/traverse
1779 silly ADD node_modules/@babel/template
1780 silly ADD node_modules/@babel/helpers
1781 silly ADD node_modules/@babel/helper-module-transforms
1782 silly ADD node_modules/@babel/helper-compilation-targets
1783 silly ADD node_modules/@babel/generator
1784 silly ADD node_modules/@babel/code-frame
1785 silly ADD node_modules/zod-validation-error
1786 silly ADD node_modules/zod
1787 silly ADD node_modules/hermes-parser
1788 silly ADD node_modules/@babel/parser
1789 silly ADD node_modules/@babel/core
1790 silly ADD node_modules/ms
1791 silly ADD node_modules/which
1792 silly ADD node_modules/shebang-command
1793 silly ADD node_modules/path-key
1794 silly ADD node_modules/uri-js
1795 silly ADD node_modules/json-schema-traverse
1796 silly ADD node_modules/fast-json-stable-stringify
1797 silly ADD node_modules/@humanfs/types
1798 silly ADD node_modules/@humanfs/core
1799 silly ADD node_modules/levn
1800 silly ADD node_modules/@types/json-schema
1801 silly ADD node_modules/@eslint/object-schema
1802 silly ADD node_modules/optionator
1803 silly ADD node_modules/natural-compare
1804 silly ADD node_modules/minimatch
1805 silly ADD node_modules/json-stable-stringify-without-jsonify
1806 silly ADD node_modules/is-glob
1807 silly ADD node_modules/imurmurhash
1808 silly ADD node_modules/ignore
1809 silly ADD node_modules/glob-parent
1810 silly ADD node_modules/find-up
1811 silly ADD node_modules/file-entry-cache
1812 silly ADD node_modules/fast-deep-equal
1813 silly ADD node_modules/esutils
1814 silly ADD node_modules/esquery
1815 silly ADD node_modules/espree
1816 silly ADD node_modules/eslint-visitor-keys
1817 silly ADD node_modules/eslint-scope
1818 silly ADD node_modules/escape-string-regexp
1819 silly ADD node_modules/debug
1820 silly ADD node_modules/cross-spawn
1821 silly ADD node_modules/ajv
1822 silly ADD node_modules/@types/estree
1823 silly ADD node_modules/@humanwhocodes/retry
1824 silly ADD node_modules/@humanwhocodes/module-importer
1825 silly ADD node_modules/@humanfs/node
1826 silly ADD node_modules/@eslint/plugin-kit
1827 silly ADD node_modules/@eslint/core
1828 silly ADD node_modules/@eslint/config-helpers
1829 silly ADD node_modules/@eslint/config-array
1830 silly ADD node_modules/@eslint-community/regexpp
1831 silly ADD node_modules/@eslint-community/eslint-utils
1832 silly ADD node_modules/@eslint-community/eslint-utils/node_modules/eslint-visitor-keys
1833 silly ADD node_modules/@rolldown/pluginutils
1834 silly ADD node_modules/csstype
1835 silly ADD node_modules/undici-types
1836 silly ADD node_modules/typescript-eslint
1837 silly ADD node_modules/typescript
1838 silly ADD node_modules/react-dom
1839 silly ADD node_modules/react
1840 silly ADD node_modules/globals
1841 silly ADD node_modules/eslint-plugin-react-refresh
1842 silly ADD node_modules/eslint-plugin-react-hooks
1843 silly ADD node_modules/eslint
1844 silly ADD node_modules/vite
1845 silly ADD node_modules/@vitejs/plugin-react
1846 silly ADD node_modules/@types/react-dom
1847 silly ADD node_modules/@types/react
1848 silly ADD node_modules/@types/node
1849 silly ADD node_modules/@eslint/js
1850 verbose cwd /Users/soledadarismendi/Sites/Laboratoryum/web
1851 verbose os Darwin 25.3.0
1852 verbose node v23.7.0
1853 verbose npm  v10.9.2
1854 verbose exit 0
1855 info ok
